{
    "name": "root",
    "metadata": {
        "timer_format_version": "0.1.0",
        "start_time_seconds": "1621074897",
        "python_version": "3.9.2 (tags/v3.9.2:1a79785, Feb 19 2021, 13:44:55) [MSC v.1928 64 bit (AMD64)]",
        "command_line_arguments": "C:\\Users\\tmoos\\AppData\\Local\\Programs\\Python\\Python39\\Scripts\\mlagents-learn --run-id=cruisingagent --force",
        "mlagents_version": "0.25.0",
        "mlagents_envs_version": "0.25.0",
        "communication_protocol_version": "1.5.0",
        "pytorch_version": "1.7.1+cu110",
        "numpy_version": "1.20.1",
        "end_time_seconds": "1621075008"
    },
    "total": 111.0296503,
    "count": 1,
    "self": 0.005417099999988295,
    "children": {
        "run_training.setup": {
            "total": 0.0666007999999998,
            "count": 1,
            "self": 0.0666007999999998
        },
        "TrainerController.start_learning": {
            "total": 110.95763240000001,
            "count": 1,
            "self": 0.1817888000003336,
            "children": {
                "TrainerController._reset_env": {
                    "total": 6.5232539,
                    "count": 1,
                    "self": 6.5232539
                },
                "TrainerController.advance": {
                    "total": 104.12247159999967,
                    "count": 4480,
                    "self": 0.07816119999975513,
                    "children": {
                        "env_step": {
                            "total": 104.04431039999992,
                            "count": 4480,
                            "self": 77.21867800000045,
                            "children": {
                                "SubprocessEnvManager._take_step": {
                                    "total": 26.746250999999795,
                                    "count": 4480,
                                    "self": 0.5158722999997778,
                                    "children": {
                                        "TorchPolicy.evaluate": {
                                            "total": 26.230378700000017,
                                            "count": 4432,
                                            "self": 9.460389799999852,
                                            "children": {
                                                "TorchPolicy.sample_actions": {
                                                    "total": 16.769988900000165,
                                                    "count": 4432,
                                                    "self": 16.769988900000165
                                                }
                                            }
                                        }
                                    }
                                },
                                "workers": {
                                    "total": 0.07938139999967042,
                                    "count": 4479,
                                    "self": 0.0,
                                    "children": {
                                        "worker_root": {
                                            "total": 106.22279909999969,
                                            "count": 4479,
                                            "is_parallel": true,
                                            "self": 38.334518999999545,
                                            "children": {
                                                "steps_from_proto": {
                                                    "total": 0.0006361999999997536,
                                                    "count": 1,
                                                    "is_parallel": true,
                                                    "self": 0.00036459999999927106,
                                                    "children": {
                                                        "_process_rank_one_or_two_observation": {
                                                            "total": 0.00027160000000048257,
                                                            "count": 2,
                                                            "is_parallel": true,
                                                            "self": 0.00027160000000048257
                                                        }
                                                    }
                                                },
                                                "UnityEnvironment.step": {
                                                    "total": 67.88764390000014,
                                                    "count": 4479,
                                                    "is_parallel": true,
                                                    "self": 0.5714849000003568,
                                                    "children": {
                                                        "UnityEnvironment._generate_step_input": {
                                                            "total": 2.741830500000243,
                                                            "count": 4479,
                                                            "is_parallel": true,
                                                            "self": 2.741830500000243
                                                        },
                                                        "communicator.exchange": {
                                                            "total": 62.553896999999566,
                                                            "count": 4479,
                                                            "is_parallel": true,
                                                            "self": 62.553896999999566
                                                        },
                                                        "steps_from_proto": {
                                                            "total": 2.020431499999966,
                                                            "count": 4479,
                                                            "is_parallel": true,
                                                            "self": 1.2178975000000136,
                                                            "children": {
                                                                "_process_rank_one_or_two_observation": {
                                                                    "total": 0.8025339999999526,
                                                                    "count": 8958,
                                                                    "is_parallel": true,
                                                                    "self": 0.8025339999999526
                                                                }
                                                            }
                                                        }
                                                    }
                                                }
                                            }
                                        }
                                    }
                                }
                            }
                        }
                    }
                },
                "trainer_threads": {
                    "total": 3.279999999961092e-05,
                    "count": 1,
                    "self": 3.279999999961092e-05,
                    "children": {
                        "thread_root": {
                            "total": 0.0,
                            "count": 0,
                            "is_parallel": true,
                            "self": 0.0,
                            "children": {
                                "trainer_advance": {
                                    "total": 104.13321859999965,