{
    "name": "root",
    "gauges": {
        "CruisingAgent.Policy.Entropy.mean": {
            "value": 5.629939079284668,
            "min": 5.629257678985596,
            "max": 5.867295742034912,
            "count": 10
        },
        "CruisingAgent.Policy.Entropy.sum": {
            "value": 280759.4375,
            "min": 280076.09375,
            "max": 294127.53125,
            "count": 10
        },
        "CruisingAgent.Policy.ExtrinsicValueEstimate.mean": {
            "value": -59.7340087890625,
            "min": -64.1364974975586,
            "max": -11.16491985321045,
            "count": 10
        },
        "CruisingAgent.Policy.ExtrinsicValueEstimate.sum": {
            "value": -46652.26171875,
            "min": -50154.7421875,
            "max": -8753.296875,
            "count": 10
        },
        "CruisingAgent.Environment.EpisodeLength.mean": {
            "value": 319.0,
            "min": 310.12025316455697,
            "max": 319.0,
            "count": 10
        },
        "CruisingAgent.Environment.EpisodeLength.sum": {
            "value": 50083.0,
            "min": 48823.0,
            "max": 51140.0,
            "count": 10
        },
        "CruisingAgent.Environment.CumulativeReward.mean": {
            "value": -224.11724566805896,
            "min": -291.88925909540455,
            "max": -215.89868961145848,
            "count": 10
        },
        "CruisingAgent.Environment.CumulativeReward.sum": {
            "value": -35186.407569885254,
            "min": -45826.613677978516,
            "max": -34534.31704902649,
            "count": 10
        },
        "CruisingAgent.Policy.ExtrinsicReward.mean": {
            "value": -224.11724566805896,
            "min": -291.88925909540455,
            "max": -215.89868961145848,
            "count": 10
        },
        "CruisingAgent.Policy.ExtrinsicReward.sum": {
            "value": -35186.407569885254,
            "min": -45826.613677978516,
            "max": -34534.31704902649,
            "count": 10
        },
        "CruisingAgent.Losses.PolicyLoss.mean": {
            "value": 0.022481065097575387,
            "min": 0.022390561439096925,
            "max": 0.026316554166066153,
            "count": 10
        },
        "CruisingAgent.Losses.PolicyLoss.sum": {
            "value": 0.11240532548787693,
            "min": 0.09608918173859517,
            "max": 0.13158277083033076,
            "count": 10
        },
        "CruisingAgent.Losses.ValueLoss.mean": {
            "value": 70.63942123413086,
            "min": 70.63942123413086,
            "max": 150.70269603729247,
            "count": 10
        },
        "CruisingAgent.Losses.ValueLoss.sum": {
            "value": 353.1971061706543,
            "min": 341.4885448455811,
            "max": 602.8107841491699,
            "count": 10
        },
        "CruisingAgent.Policy.LearningRate.mean": {
            "value": 1.5126094958000004e-05,
            "min": 1.5126094958000004e-05,
            "max": 0.00028453110515629993,
            "count": 10
        },
        "CruisingAgent.Policy.LearningRate.sum": {
            "value": 7.563047479000002e-05,
            "min": 7.563047479000002e-05,
            "max": 0.0012828696723768,
            "count": 10
        },
        "CruisingAgent.Policy.Epsilon.mean": {
            "value": 0.105042,
            "min": 0.105042,
            "max": 0.19484369999999995,
            "count": 10
        },
        "CruisingAgent.Policy.Epsilon.sum": {
            "value": 0.52521,
            "min": 0.52521,
            "max": 0.9276232000000002,
            "count": 10
        },
        "CruisingAgent.Policy.Beta.mean": {
            "value": 0.0002615958,
            "min": 0.0002615958,
            "max": 0.004742700630000001,
            "count": 10
        },
        "CruisingAgent.Policy.Beta.sum": {
            "value": 0.001307979,
            "min": 0.001307979,
            "max": 0.021388397679999997,
            "count": 10
        },
        "CruisingAgent.IsTraining.mean": {
            "value": 1.0,
            "min": 1.0,
            "max": 1.0,
            "count": 10
        },
        "CruisingAgent.IsTraining.sum": {
            "value": 1.0,
            "min": 1.0,
            "max": 1.0,
            "count": 10
        }
    },
    "metadata": {
        "timer_format_version": "0.1.0",
        "start_time_seconds": "1621168697",
        "python_version": "3.9.2 (tags/v3.9.2:1a79785, Feb 19 2021, 13:44:55) [MSC v.1928 64 bit (AMD64)]",
        "command_line_arguments": "C:\\Users\\tmoos\\AppData\\Local\\Programs\\Python\\Python39\\Scripts\\mlagents-learn --run-id=cruisingagent --f",
        "mlagents_version": "0.25.0",
        "mlagents_envs_version": "0.25.0",
        "communication_protocol_version": "1.5.0",
        "pytorch_version": "1.7.1+cu110",
        "numpy_version": "1.20.1",
        "end_time_seconds": "1621169950"
    },
    "total": 1253.506366,
    "count": 1,
    "self": 0.0068464000000858505,
    "children": {
        "run_training.setup": {
            "total": 0.0534612000000001,
            "count": 1,
            "self": 0.0534612000000001
        },
        "TrainerController.start_learning": {
            "total": 1253.4460584,
            "count": 1,
            "self": 1.7079675999887058,
            "children": {
                "TrainerController._reset_env": {
                    "total": 11.3044511,
                    "count": 1,
                    "self": 11.3044511
                },
                "TrainerController.advance": {
                    "total": 1240.3700146000115,
                    "count": 56555,
                    "self": 0.7364458000197374,
                    "children": {
                        "env_step": {
                            "total": 1239.6335687999917,
                            "count": 56555,
                            "self": 972.9248251999988,
                            "children": {
                                "SubprocessEnvManager._take_step": {
                                    "total": 265.8930624999833,
                                    "count": 56555,
                                    "self": 5.274061399975494,
                                    "children": {
                                        "TorchPolicy.evaluate": {
                                            "total": 260.6190011000078,
                                            "count": 55582,
                                            "self": 99.4737419000306,
                                            "children": {
                                                "TorchPolicy.sample_actions": {
                                                    "total": 161.14525919997718,
                                                    "count": 55582,
                                                    "self": 161.14525919997718
                                                }
                                            }
                                        }
                                    }
                                },
                                "workers": {
                                    "total": 0.8156811000096127,
                                    "count": 56555,
                                    "self": 0.0,
                                    "children": {
                                        "worker_root": {
                                            "total": 1241.5247015000043,
                                            "count": 56555,
                                            "is_parallel": true,
                                            "self": 368.99430909999023,
                                            "children": {
                                                "steps_from_proto": {
                                                    "total": 0.0004729999999995016,