{
    "name": "root",
    "gauges": {
        "Chaser.Policy.Entropy.mean": {
            "value": 6.997941017150879,
            "min": 6.997941017150879,
            "max": 7.474449157714844,
            "count": 9
        },
        "Chaser.Policy.Entropy.sum": {
            "value": 349988.03125,
            "min": 349988.03125,
            "max": 374761.40625,
            "count": 9
        },
        "Chaser.Policy.ExtrinsicValueEstimate.mean": {
            "value": -2.17507004737854,
            "min": -2.6998867988586426,
            "max": -0.7421794533729553,
            "count": 9
        },
        "Chaser.Policy.ExtrinsicValueEstimate.sum": {
            "value": -1881.435546875,
            "min": -2211.207275390625,
            "max": -598.1966552734375,
            "count": 9
        },
        "Chaser.Environment.EpisodeLength.mean": {
            "value": 250.2139303482587,
            "min": 250.2139303482587,
            "max": 447.55357142857144,
            "count": 9
        },
        "Chaser.Environment.EpisodeLength.sum": {
            "value": 50293.0,
            "min": 47088.0,
            "max": 50493.0,
            "count": 9
        },
        "Chaser.Environment.CumulativeReward.mean": {
            "value": -7.056667460879283,
            "min": -14.511039116472569,
            "max": -7.056667460879283,
            "count": 9
        },
        "Chaser.Environment.CumulativeReward.sum": {
            "value": -1418.390159636736,
            "min": -1628.190160870552,
            "max": -1418.390159636736,
            "count": 9
        },
        "Chaser.Policy.ExtrinsicReward.mean": {
            "value": -7.056667460879283,
            "min": -14.511039116472569,
            "max": -7.056667460879283,
            "count": 9
        },
        "Chaser.Policy.ExtrinsicReward.sum": {
            "value": -1418.390159636736,
            "min": -1628.190160870552,
            "max": -1418.390159636736,
            "count": 9
        },
        "Chaser.Losses.PolicyLoss.mean": {
            "value": 0.024095851018403967,
            "min": 0.02081154375957946,
            "max": 0.02491129637695849,
            "count": 9
        },
        "Chaser.Losses.PolicyLoss.sum": {
            "value": 0.12047925509201984,
            "min": 0.09748504656987886,
            "max": 0.12455648188479246,
            "count": 9
        },
        "Chaser.Losses.ValueLoss.mean": {
            "value": 0.08720264382660389,
            "min": 0.03254010964495441,
            "max": 0.12027868390083314,
            "count": 9
        },
        "Chaser.Losses.ValueLoss.sum": {
            "value": 0.4360132191330195,
            "min": 0.16270054822477203,
            "max": 0.6013934195041657,
            "count": 9
        },
        "Chaser.Policy.LearningRate.mean": {
            "value": 4.7014164328640004e-05,
            "min": 4.7014164328640004e-05,
            "max": 0.00028430550523149997,
            "count": 9
        },
        "Chaser.Policy.LearningRate.sum": {
            "value": 0.00023507082164320002,
            "min": 0.00023507082164320002,
            "max": 0.0012826620724459999,
            "count": 9
        },
        "Chaser.Policy.Epsilon.mean": {
            "value": 0.11567136,
            "min": 0.11567136,
            "max": 0.19476849999999998,
            "count": 9
        },
        "Chaser.Policy.Epsilon.sum": {
            "value": 0.5783568,
            "min": 0.4996708000000001,
            "max": 0.9275540000000002,
            "count": 9
        },
        "Chaser.Policy.Beta.mean": {
            "value": 0.0007920008640000004,
            "min": 0.0007920008640000004,
            "max": 0.004738948149999999,
            "count": 9
        },
        "Chaser.Policy.Beta.sum": {
            "value": 0.003960004320000002,
            "min": 0.003960004320000002,
            "max": 0.021384944599999997,
            "count": 9
        },
        "Chaser.IsTraining.mean": {
            "value": 1.0,
            "min": 1.0,
            "max": 1.0,
            "count": 9
        },
        "Chaser.IsTraining.sum": {
            "value": 1.0,
            "min": 1.0,
            "max": 1.0,
            "count": 9
        }
    },
    "metadata": {
        "timer_format_version": "0.1.0",
        "start_time_seconds": "1621210957",
        "python_version": "3.9.2 (tags/v3.9.2:1a79785, Feb 19 2021, 13:44:55) [MSC v.1928 64 bit (AMD64)]",
        "command_line_arguments": "C:\\Users\\tmoos\\AppData\\Local\\Programs\\Python\\Python39\\Scripts\\mlagents-learn config/standardConfig.yaml --run-id=chaserAgent10 --force",
        "mlagents_version": "0.25.0",
        "mlagents_envs_version": "0.25.0",
        "communication_protocol_version": "1.5.0",
        "pytorch_version": "1.7.1+cu110",
        "numpy_version": "1.20.1",
        "end_time_seconds": "1621212446"
    },
    "total": 1489.0565879,
    "count": 1,
    "self": 0.006255700000110664,
    "children": {
        "run_training.setup": {
            "total": 0.1144689000000001,
            "count": 1,
            "self": 0.1144689000000001
        },
        "TrainerController.start_learning": {
            "total": 1488.9358633,
            "count": 1,
            "self": 1.8072520999965036,
            "children": {
                "TrainerController._reset_env": {
                    "total": 5.414263999999999,
                    "count": 1,
                    "self": 5.414263999999999
                },
                "TrainerController.advance": {
                    "total": 1481.5992635000034,
                    "count": 55786,
                    "self": 0.8267154999866762,
                    "children": {
                        "env_step": {
                            "total": 1480.7725480000167,
                            "count": 55786,
                            "self": 1179.9903859000344,
                            "children": {
                                "SubprocessEnvManager._take_step": {
                                    "total": 299.957313499976,
                                    "count": 55786,
                                    "self": 5.527668299980121,
                                    "children": {
                                        "TorchPolicy.evaluate": {
                                            "total": 294.4296451999959,
                                            "count": 54575,
                                            "self": 95.79977549999762,
                                            "children": {
                                                "TorchPolicy.sample_actions": {
                                                    "total": 198.62986969999827,
                                                    "count": 54575,
                                                    "self": 198.62986969999827
                                                }
                                            }
                                        }
                                    }
                                },
                                "workers": {
                                    "total": 0.8248486000063631,
                                    "count": 55785,
                                    "self": 0.0,
                                    "children": {
                                        "worker_root": {
                                            "total": 1482.8655997000067,
                                            "count": 55785,
                                            "is_parallel": true,
                                            "self": 405.7147244000148,
                                            "children": {
                                                "steps_from_proto": {
                                                    "total": 0.0007996000000001224,
                                                    "count": 1,