{
    "name": "root",
    "gauges": {
        "MyBehavior.Policy.Entropy.mean": {
            "value": 0.8079494833946228,
            "min": 0.8079494833946228,
            "max": 0.8079494833946228,
            "count": 1
        },
        "MyBehavior.Policy.Entropy.sum": {
            "value": 5693.6201171875,
            "min": 5693.6201171875,
            "max": 5693.6201171875,
            "count": 1
        },
        "MyBehavior.Policy.ExtrinsicValueEstimate.mean": {
            "value": -1.4953556060791016,
            "min": -1.4953556060791016,
            "max": -1.4953556060791016,
            "count": 1
        },
        "MyBehavior.Policy.ExtrinsicValueEstimate.sum": {
            "value": -164.48912048339844,
            "min": -164.48912048339844,
            "max": -164.48912048339844,
            "count": 1
        },
        "MyBehavior.Environment.EpisodeLength.mean": {
            "value": 365.5833333333333,
            "min": 365.5833333333333,
            "max": 365.5833333333333,
            "count": 1
        },
        "MyBehavior.Environment.EpisodeLength.sum": {
            "value": 4387.0,
            "min": 4387.0,
            "max": 4387.0,
            "count": 1
        },
        "MyBehavior.Environment.CumulativeReward.mean": {
            "value": -5.277917344549981,
            "min": -5.277917344549981,
            "max": -5.277917344549981,
            "count": 1
        },
        "MyBehavior.Environment.CumulativeReward.sum": {
            "value": -63.335008134599775,
            "min": -63.335008134599775,
            "max": -63.335008134599775,
            "count": 1
        },
        "MyBehavior.Policy.ExtrinsicReward.mean": {
            "value": -5.277917344549981,
            "min": -5.277917344549981,
            "max": -5.277917344549981,
            "count": 1
        },
        "MyBehavior.Policy.ExtrinsicReward.sum": {
            "value": -63.335008134599775,
            "min": -63.335008134599775,
            "max": -63.335008134599775,
            "count": 1
        },
        "MyBehavior.IsTraining.mean": {
            "value": 1.0,
            "min": 1.0,
            "max": 1.0,
            "count": 1
        },
        "MyBehavior.IsTraining.sum": {
            "value": 1.0,
            "min": 1.0,
            "max": 1.0,
            "count": 1
        }
    },
    "metadata": {
        "timer_format_version": "0.1.0",
        "start_time_seconds": "1621180970",
        "python_version": "3.9.2 (tags/v3.9.2:1a79785, Feb 19 2021, 13:44:55) [MSC v.1928 64 bit (AMD64)]",
        "command_line_arguments": "C:\\Users\\tmoos\\AppData\\Local\\Programs\\Python\\Python39\\Scripts\\mlagents-learn --run-id=nickagent --resume",
        "mlagents_version": "0.25.0",
        "mlagents_envs_version": "0.25.0",
        "communication_protocol_version": "1.5.0",
        "pytorch_version": "1.7.1+cu110",
        "numpy_version": "1.20.1",
        "end_time_seconds": "1621181095"
    },
    "total": 125.4669538,
    "count": 1,
    "self": 0.0045669000000003734,
    "children": {
        "run_training.setup": {
            "total": 0.05039760000000015,
            "count": 1,
            "self": 0.05039760000000015
        },
        "TrainerController.start_learning": {
            "total": 125.4119893,
            "count": 1,
            "self": 0.166103500000375,
            "children": {
                "TrainerController._reset_env": {
                    "total": 9.003012900000002,
                    "count": 1,
                    "self": 9.003012900000002
                },
                "TrainerController.advance": {
                    "total": 116.14571869999963,
                    "count": 5099,
                    "self": 0.0682956999987141,
                    "children": {
                        "env_step": {
                            "total": 116.07742300000092,
                            "count": 5099,
                            "self": 96.04238630000086,
                            "children": {
                                "SubprocessEnvManager._take_step": {
                                    "total": 19.96513519999988,
                                    "count": 5099,
                                    "self": 0.4682868999997858,
                                    "children": {
                                        "TorchPolicy.evaluate": {
                                            "total": 19.496848300000096,
                                            "count": 5015,
                                            "self": 6.411292199999783,
                                            "children": {
                                                "TorchPolicy.sample_actions": {
                                                    "total": 13.085556100000312,
                                                    "count": 5015,
                                                    "self": 13.085556100000312
                                                }
                                            }
                                        }
                                    }
                                },
                                "workers": {
                                    "total": 0.06990150000017614,
                                    "count": 5098,
                                    "self": 0.0,
                                    "children": {
                                        "worker_root": {
                                            "total": 117.6384147000002,
                                            "count": 5098,
                                            "is_parallel": true,
                                            "self": 30.59700150000029,
                                            "children": {
                                                "steps_from_proto": {
                                                    "total": 0.00042179999999980566,
                                                    "count": 1,
                                                    "is_parallel": true,
                                                    "self": 0.00021309999999985507,
                                                    "children": {
                                                        "_process_rank_one_or_two_observation": {
                                                            "total": 0.0002086999999999506,
                                                            "count": 2,
                                                            "is_parallel": true,
                                                            "self": 0.0002086999999999506
                                                        }
                                                    }
                                                },
                                                "UnityEnvironment.step": {
                                                    "total": 87.04099139999991,
                                                    "count": 5098,
                                                    "is_parallel": true,
                                                    "self": 0.47926510000066,
                                                    "children": {
                                                        "UnityEnvironment._generate_step_input": {
                                                            "total": 2.389566099999744,
                                                            "count": 5098,
                                                            "is_parallel": true,
                                                            "self": 2.389566099999744
                                                        },
                                                        "communicator.exchange": {
                                                            "total": 82.40973929999939,