{
    "name": "root",
    "gauges": {
        "ChaserAgent.Policy.Entropy.mean": {
            "value": 1.3310726881027222,
            "min": 1.19438636302948,
            "max": 2.6709790229797363,
            "count": 59
        },
        "ChaserAgent.Policy.Entropy.sum": {
            "value": 13584.927734375,
            "min": 12053.99609375,
            "max": 28485.990234375,
            "count": 59
        },
        "ChaserAgent.Policy.ExtrinsicValueEstimate.mean": {
            "value": -1.6918669939041138,
            "min": -24.628646850585938,
            "max": -1.6918669939041138,
            "count": 59
        },
        "ChaserAgent.Policy.ExtrinsicValueEstimate.sum": {
            "value": -299.46044921875,
            "min": -4260.755859375,
            "max": -299.46044921875,
            "count": 59
        },
        "ChaserAgent.Losses.PolicyLoss.mean": {
            "value": 0.24525190323787094,
            "min": 0.23907909649806586,
            "max": 0.2595651463941248,
            "count": 59
        },
        "ChaserAgent.Losses.PolicyLoss.sum": {
            "value": 2.2072671291408383,
            "min": 1.9574585226173133,
            "max": 2.336086317547123,
            "count": 59
        },
        "ChaserAgent.Losses.ValueLoss.mean": {
            "value": 0.5573430742816288,
            "min": 0.45764276056773073,
            "max": 3.8439505813441417,
            "count": 59
        },
        "ChaserAgent.Losses.ValueLoss.sum": {
            "value": 5.016087668534659,
            "min": 4.118784845109577,
            "max": 34.595555232097276,
            "count": 59
        },
        "ChaserAgent.Policy.LearningRate.mean": {
            "value": 0.00015374763208413889,
            "min": 0.00015374763208413889,
            "max": 0.00029884400038533335,
            "count": 59
        },
        "ChaserAgent.Policy.LearningRate.sum": {
            "value": 0.0013837286887572499,
            "min": 0.0012699383766873334,
            "max": 0.002689596003468,
            "count": 59
        },
        "ChaserAgent.Policy.Epsilon.mean": {
            "value": 0.15124919444444446,
            "min": 0.15124919444444446,
            "max": 0.1996146666666667,
            "count": 59
        },
        "ChaserAgent.Policy.Epsilon.sum": {
            "value": 1.3612427500000002,
            "min": 1.2233126666666667,
            "max": 1.7965320000000002,
            "count": 59
        },
        "ChaserAgent.Policy.Beta.mean": {
            "value": 0.00026112105277777776,
            "min": 0.00026112105277777776,
            "max": 0.0004981118666666667,
            "count": 59
        },
        "ChaserAgent.Policy.Beta.sum": {
            "value": 0.002350089475,
            "min": 0.002154232066666667,
            "max": 0.0044830068,
            "count": 59
        },
        "ChaserAgent.Environment.EpisodeLength.mean": {
            "value": 307.45454545454544,
            "min": 301.54545454545456,
            "max": 399.0,
            "count": 59
        },
        "ChaserAgent.Environment.EpisodeLength.sum": {
            "value": 10146.0,
            "min": 7182.0,
            "max": 11171.0,
            "count": 59
        },
        "ChaserAgent.Environment.CumulativeReward.mean": {
            "value": -8.510856769074287,
            "min": -90.24226881292734,
            "max": -8.510856769074287,
            "count": 59
        },
        "ChaserAgent.Environment.CumulativeReward.sum": {
            "value": -297.87998691760004,
            "min": -2313.5898998975754,
            "max": -297.87998691760004,
            "count": 59
        },
        "ChaserAgent.Policy.ExtrinsicReward.mean": {
            "value": -8.510856769074287,
            "min": -90.24226881292734,
            "max": -8.510856769074287,
            "count": 59
        },
        "ChaserAgent.Policy.ExtrinsicReward.sum": {
            "value": -297.87998691760004,
            "min": -2313.5898998975754,
            "max": -297.87998691760004,
            "count": 59
        },
        "ChaserAgent.IsTraining.mean": {
            "value": 1.0,
            "min": 1.0,
            "max": 1.0,
            "count": 59
        },
        "ChaserAgent.IsTraining.sum": {
            "value": 1.0,
            "min": 1.0,
            "max": 1.0,
            "count": 59
        }
    },
    "metadata": {
        "timer_format_version": "0.1.0",
        "start_time_seconds": "1621329604",
        "python_version": "3.9.2 (tags/v3.9.2:1a79785, Feb 19 2021, 13:44:55) [MSC v.1928 64 bit (AMD64)]",
        "command_line_arguments": "C:\\Users\\tmoos\\AppData\\Local\\Programs\\Python\\Python39\\Scripts\\mlagents-learn config/standardConfig.yaml --run-id=chaserAgent30",
        "mlagents_version": "0.25.0",
        "mlagents_envs_version": "0.25.0",
        "communication_protocol_version": "1.5.0",
        "pytorch_version": "1.7.1+cu110",
        "numpy_version": "1.20.1",
        "end_time_seconds": "1621333964"
    },
    "total": 4359.556696000001,
    "count": 1,
    "self": 0.00821400000131689,
    "children": {
        "run_training.setup": {
            "total": 0.12686850000000005,
            "count": 1,
            "self": 0.12686850000000005
        },
        "TrainerController.start_learning": {
            "total": 4359.4216135,
            "count": 1,
            "self": 3.1913844000346216,
            "children": {
                "TrainerController._reset_env": {
                    "total": 60.3633514,
                    "count": 1,
                    "self": 60.3633514
                },
                "TrainerController.advance": {
                    "total": 4295.630457899964,
                    "count": 67563,
                    "self": 1.0412211999755527,
                    "children": {
                        "env_step": {
                            "total": 4294.589236699989,
                            "count": 67563,
                            "self": 3590.3776204999854,
                            "children": {
                                "SubprocessEnvManager._take_step": {
                                    "total": 703.175065000033,
                                    "count": 67563,
                                    "self": 7.031914600041887,
                                    "children": {
                                        "TorchPolicy.evaluate": {
                                            "total": 696.1431503999911,
                                            "count": 66341,
                                            "self": 274.80805729998445,
                                            "children": {
                                                "TorchPolicy.sample_actions": {
                                                    "total": 421.33509310000665,
                                                    "count": 66341,
                                                    "self": 421.33509310000665
                                                }
                                            }
                                        }
                                    }
                                },
                                "workers": {
                                    "total": 1.0365511999703614,
                                    "count": 67562,
                                    "self": 0.0,
                                    "children": {
                                        "worker_root": {
                                            "total": 4296.491886999943,
                                            "count": 67562,
                                            "is_parallel": true,
                                            "self": 2777.5570071999828,