{
    "name": "root",
    "metadata": {
        "timer_format_version": "0.1.0",
        "start_time_seconds": "1621295226",
        "python_version": "3.9.2 (tags/v3.9.2:1a79785, Feb 19 2021, 13:44:55) [MSC v.1928 64 bit (AMD64)]",
        "command_line_arguments": "C:\\Users\\tmoos\\AppData\\Local\\Programs\\Python\\Python39\\Scripts\\mlagents-learn config/standardConfig.yaml --run-id=chaserAgent26",
        "mlagents_version": "0.25.0",
        "mlagents_envs_version": "0.25.0",
        "communication_protocol_version": "1.5.0",
        "pytorch_version": "1.7.1+cu110",
        "numpy_version": "1.20.1",
        "end_time_seconds": "1621295412"
    },
    "total": 185.9613885,
    "count": 1,
    "self": 0.007676100000026054,
    "children": {
        "run_training.setup": {
            "total": 0.1224771,
            "count": 1,
            "self": 0.1224771
        },
        "TrainerController.start_learning": {
            "total": 185.83123529999997,
            "count": 1,
            "self": 0.13272610000055352,
            "children": {
                "TrainerController._reset_env": {
                    "total": 7.540062699999999,
                    "count": 1,
                    "self": 7.540062699999999
                },
                "TrainerController.advance": {
                    "total": 177.99567929999944,
                    "count": 3769,
                    "self": 0.05184249999979329,
                    "children": {
                        "env_step": {
                            "total": 177.94383679999964,
                            "count": 3769,
                            "self": 157.46401140000023,
                            "children": {
                                "SubprocessEnvManager._take_step": {
                                    "total": 20.42746389999987,
                                    "count": 3769,
                                    "self": 0.3679472999994289,
                                    "children": {
                                        "TorchPolicy.evaluate": {
                                            "total": 20.059516600000443,
                                            "count": 3746,
                                            "self": 6.318592799999752,
                                            "children": {
                                                "TorchPolicy.sample_actions": {
                                                    "total": 13.74092380000069,
                                                    "count": 3746,
                                                    "self": 13.74092380000069
                                                }
                                            }
                                        }
                                    }
                                },
                                "workers": {
                                    "total": 0.05236149999953277,
                                    "count": 3768,
                                    "self": 0.0,
                                    "children": {
                                        "worker_root": {
                                            "total": 127.91068089999989,
                                            "count": 3768,
                                            "is_parallel": true,
                                            "self": 29.001265800000226,
                                            "children": {
                                                "steps_from_proto": {
                                                    "total": 0.0005312999999995682,
                                                    "count": 1,
                                                    "is_parallel": true,
                                                    "self": 0.0002817999999997767,
                                                    "children": {
                                                        "_process_rank_one_or_two_observation": {
                                                            "total": 0.00024949999999979156,
                                                            "count": 2,
                                                            "is_parallel": true,
                                                            "self": 0.00024949999999979156
                                                        }
                                                    }
                                                },
                                                "UnityEnvironment.step": {
                                                    "total": 98.90888379999966,
                                                    "count": 3768,
                                                    "is_parallel": true,
                                                    "self": 0.3806205999996024,
                                                    "children": {
                                                        "UnityEnvironment._generate_step_input": {
                                                            "total": 1.92015460000016,
                                                            "count": 3768,
                                                            "is_parallel": true,
                                                            "self": 1.92015460000016
                                                        },
                                                        "communicator.exchange": {
                                                            "total": 95.1844100999999,
                                                            "count": 3768,
                                                            "is_parallel": true,
                                                            "self": 95.1844100999999
                                                        },
                                                        "steps_from_proto": {
                                                            "total": 1.4236984999999986,
                                                            "count": 3768,
                                                            "is_parallel": true,
                                                            "self": 0.832921600000148,
                                                            "children": {
                                                                "_process_rank_one_or_two_observation": {
                                                                    "total": 0.5907768999998506,
                                                                    "count": 7536,
                                                                    "is_parallel": true,
                                                                    "self": 0.5907768999998506
                                                                }
                                                            }
                                                        }
                                                    }
                                                }
                                            }
                                        }
                                    }
                                }
                            }
                        }
                    }
                },
                "trainer_threads": {
                    "total": 2.7200000005223046e-05,
                    "count": 1,
                    "self": 2.7200000005223046e-05,
                    "children": {
                        "thread_root": {
                            "total": 0.0,
                            "count": 0,
                            "is_parallel": true,
                            "self": 0.0,