{
    "name": "root",
    "metadata": {
        "timer_format_version": "0.1.0",
        "start_time_seconds": "1620655017",
        "python_version": "3.9.2 (tags/v3.9.2:1a79785, Feb 19 2021, 13:44:55) [MSC v.1928 64 bit (AMD64)]",
        "command_line_arguments": "C:\\Users\\tmoos\\AppData\\Local\\Programs\\Python\\Python39\\Scripts\\mlagents-learn --run-id=bearingandengine --resume",
        "mlagents_version": "0.25.0",
        "mlagents_envs_version": "0.25.0",
        "communication_protocol_version": "1.5.0",
        "pytorch_version": "1.7.1+cu110",
        "numpy_version": "1.20.1",
        "end_time_seconds": "1620655507"
    },
    "total": 490.0950061,
    "count": 1,
    "self": 0.004856999999958589,
    "children": {
        "run_training.setup": {
            "total": 0.056104699999999896,
            "count": 1,
            "self": 0.056104699999999896
        },
        "TrainerController.start_learning": {
            "total": 490.0340444,
            "count": 1,
            "self": 0.16447120000105997,
            "children": {
                "TrainerController._reset_env": {
                    "total": 12.1340132,
                    "count": 1,
                    "self": 12.1340132
                },
                "TrainerController.advance": {
                    "total": 477.5540822999989,
                    "count": 5198,
                    "self": 0.07822769999938828,
                    "children": {
                        "env_step": {
                            "total": 477.47585459999954,
                            "count": 5198,
                            "self": 450.09710319999965,
                            "children": {
                                "SubprocessEnvManager._take_step": {
                                    "total": 27.30218089999908,
                                    "count": 5198,
                                    "self": 0.48049649999958177,
                                    "children": {
                                        "TorchPolicy.evaluate": {
                                            "total": 26.821684399999498,
                                            "count": 4738,
                                            "self": 8.775887099997654,
                                            "children": {
                                                "TorchPolicy.sample_actions": {
                                                    "total": 18.045797300001844,
                                                    "count": 4738,
                                                    "self": 18.045797300001844
                                                }
                                            }
                                        }
                                    }
                                },
                                "workers": {
                                    "total": 0.07657050000077703,
                                    "count": 5197,
                                    "self": 0.0,
                                    "children": {
                                        "worker_root": {
                                            "total": 419.21183170000074,
                                            "count": 5197,
                                            "is_parallel": true,
                                            "self": 39.15765390000007,
                                            "children": {
                                                "steps_from_proto": {
                                                    "total": 0.0005205999999997601,
                                                    "count": 1,
                                                    "is_parallel": true,
                                                    "self": 0.0003018000000007959,
                                                    "children": {
                                                        "_process_rank_one_or_two_observation": {
                                                            "total": 0.00021879999999896427,
                                                            "count": 2,
                                                            "is_parallel": true,
                                                            "self": 0.00021879999999896427
                                                        }
                                                    }
                                                },
                                                "UnityEnvironment.step": {
                                                    "total": 380.05365720000066,
                                                    "count": 5197,
                                                    "is_parallel": true,
                                                    "self": 0.5483374000012873,
                                                    "children": {
                                                        "UnityEnvironment._generate_step_input": {
                                                            "total": 2.7361959000008333,
                                                            "count": 5197,
                                                            "is_parallel": true,
                                                            "self": 2.7361959000008333
                                                        },
                                                        "communicator.exchange": {
                                                            "total": 374.7600080000004,
                                                            "count": 5197,
                                                            "is_parallel": true,
                                                            "self": 374.7600080000004
                                                        },
                                                        "steps_from_proto": {
                                                            "total": 2.009115899998113,
                                                            "count": 5197,
                                                            "is_parallel": true,
                                                            "self": 1.204514899997875,
                                                            "children": {
                                                                "_process_rank_one_or_two_observation": {
                                                                    "total": 0.8046010000002379,
                                                                    "count": 10394,
                                                                    "is_parallel": true,
                                                                    "self": 0.8046010000002379
                                                                }
                                                            }
                                                        }
                                                    }
                                                }
                                            }
                                        }
                                    }
                                }
                            }
                        }
                    }
                },
                "TrainerController._save_models": {
                    "total": 0.18147770000001628,
                    "count": 1,
                    "self": 0.0027158000000326865,
                    "children": {
                        "RLTrainer._checkpoint": {
                            "total": 0.1787618999999836,
                            "count": 1,
                            "self": 0.1787618999999836
                        }
                    }
                }
            }
        }
    }
}