{
    "name": "root",
    "gauges": {
        "Chaser.Policy.Entropy.mean": {
            "value": 0.35545259714126587,
            "min": 0.35545259714126587,
            "max": 1.0324457883834839,
            "count": 5
        },
        "Chaser.Policy.Entropy.sum": {
            "value": 17793.24609375,
            "min": 17793.24609375,
            "max": 51895.88671875,
            "count": 5
        },
        "Chaser.Policy.ExtrinsicValueEstimate.mean": {
            "value": 6.868981838226318,
            "min": 0.18832708895206451,
            "max": 6.868981838226318,
            "count": 5
        },
        "Chaser.Policy.ExtrinsicValueEstimate.sum": {
            "value": 5769.94482421875,
            "min": 157.4414520263672,
            "max": 5769.94482421875,
            "count": 5
        },
        "Chaser.Environment.EpisodeLength.mean": {
            "value": 283.75,
            "min": 279.2122905027933,
            "max": 284.45142857142855,
            "count": 5
        },
        "Chaser.Environment.EpisodeLength.sum": {
            "value": 49940.0,
            "min": 48667.0,
            "max": 49979.0,
            "count": 5
        },
        "Chaser.Environment.CumulativeReward.mean": {
            "value": 22.611015653711256,
            "min": 7.001453062909287,
            "max": 22.611015653711256,
            "count": 5
        },
        "Chaser.Environment.CumulativeReward.sum": {
            "value": 4002.149770706892,
            "min": 1204.2499268203974,
            "max": 4002.149770706892,
            "count": 5
        },
        "Chaser.Policy.ExtrinsicReward.mean": {
            "value": 22.611015653711256,
            "min": 7.001453062909287,
            "max": 22.611015653711256,
            "count": 5
        },
        "Chaser.Policy.ExtrinsicReward.sum": {
            "value": 4002.149770706892,
            "min": 1204.2499268203974,
            "max": 4002.149770706892,
            "count": 5
        },
        "Chaser.Losses.PolicyLoss.mean": {
            "value": 0.02422974007204175,
            "min": 0.022362649347633122,
            "max": 0.02853494074952323,
            "count": 5
        },
        "Chaser.Losses.PolicyLoss.sum": {
            "value": 0.12114870036020875,
            "min": 0.11181324673816562,
            "max": 0.13364451431358856,
            "count": 5
        },
        "Chaser.Losses.ValueLoss.mean": {
            "value": 2.746882166862488,
            "min": 0.4259611620257298,
            "max": 2.746882166862488,
            "count": 5
        },
        "Chaser.Losses.ValueLoss.sum": {
            "value": 13.73441083431244,
            "min": 1.7038446481029192,
            "max": 13.73441083431244,
            "count": 5
        },
        "Chaser.Policy.LearningRate.mean": {
            "value": 0.00016406800531067997,
            "min": 0.00016406800531067997,
            "max": 0.0002844813051729,
            "count": 5
        },
        "Chaser.Policy.LearningRate.sum": {
            "value": 0.0008203400265533999,
            "min": 0.0008203400265533999,
            "max": 0.0012833526722158,
            "count": 5
        },
        "Chaser.Policy.Epsilon.mean": {
            "value": 0.15468932,
            "min": 0.15468932,
            "max": 0.19482709999999998,
            "count": 5
        },
        "Chaser.Policy.Epsilon.sum": {
            "value": 0.7734466,
            "min": 0.7734466,
            "max": 0.9277841999999998,
            "count": 5
        },
        "Chaser.Policy.Beta.mean": {
            "value": 0.0027389970680000006,
            "min": 0.0027389970680000006,
            "max": 0.004741872290000001,
            "count": 5
        },
        "Chaser.Policy.Beta.sum": {
            "value": 0.013694985340000002,
            "min": 0.013694985340000002,
            "max": 0.02139643158,
            "count": 5
        },
        "Chaser.IsTraining.mean": {
            "value": 1.0,
            "min": 1.0,
            "max": 1.0,
            "count": 5
        },
        "Chaser.IsTraining.sum": {
            "value": 1.0,
            "min": 1.0,
            "max": 1.0,
            "count": 5
        }
    },
    "metadata": {
        "timer_format_version": "0.1.0",
        "start_time_seconds": "1621199408",
        "python_version": "3.9.2 (tags/v3.9.2:1a79785, Feb 19 2021, 13:44:55) [MSC v.1928 64 bit (AMD64)]",
        "command_line_arguments": "C:\\Users\\tmoos\\AppData\\Local\\Programs\\Python\\Python39\\Scripts\\mlagents-learn config/standardConfig.yaml --run-id=chaserAgent4 --force",
        "mlagents_version": "0.25.0",
        "mlagents_envs_version": "0.25.0",
        "communication_protocol_version": "1.5.0",
        "pytorch_version": "1.7.1+cu110",
        "numpy_version": "1.20.1",
        "end_time_seconds": "1621200150"
    },
    "total": 742.0820649,
    "count": 1,
    "self": 0.008163299999978335,
    "children": {
        "run_training.setup": {
            "total": 0.11570410000000009,
            "count": 1,
            "self": 0.11570410000000009
        },
        "TrainerController.start_learning": {
            "total": 741.9581975,
            "count": 1,
            "self": 1.0158836000051679,
            "children": {
                "TrainerController._reset_env": {
                    "total": 5.6372982,
                    "count": 1,
                    "self": 5.6372982
                },
                "TrainerController.advance": {
                    "total": 735.216258599995,
                    "count": 32226,
                    "self": 0.44202859999347766,
                    "children": {
                        "env_step": {
                            "total": 734.7742300000015,
                            "count": 32226,
                            "self": 587.7911229000129,
                            "children": {
                                "SubprocessEnvManager._take_step": {
                                    "total": 146.51845239999167,
                                    "count": 32226,
                                    "self": 3.049498299998845,
                                    "children": {
                                        "TorchPolicy.evaluate": {
                                            "total": 143.46895409999283,
                                            "count": 31462,
                                            "self": 57.28562829999309,
                                            "children": {
                                                "TorchPolicy.sample_actions": {
                                                    "total": 86.18332579999974,
                                                    "count": 31462,
                                                    "self": 86.18332579999974
                                                }
                                            }
                                        }
                                    }
                                },
                                "workers": {
                                    "total": 0.464654699996891,
                                    "count": 32225,
                                    "self": 0.0,
                                    "children": {
                                        "worker_root": {
                                            "total": 736.704840499998,
                                            "count": 32225,
                                            "is_parallel": true,
                                            "self": 206.88070120000202,
                                            "children": {
                                                "steps_from_proto": {
                                                    "total": 0.00062989999999985,
                                                    "count": 1,
                                                    "is_parallel": true,