{
    "name": "root",
    "gauges": {
        "BearingAgentRandomX.Policy.Entropy.mean": {
            "value": 5.60763692855835,
            "min": 5.60763692855835,
            "max": 5.727911949157715,
            "count": 3
        },
        "BearingAgentRandomX.Policy.Entropy.sum": {
            "value": 281110.84375,
            "min": 233063.0,
            "max": 283038.5625,
            "count": 3
        },
        "BearingAgentRandomX.Policy.ExtrinsicValueEstimate.mean": {
            "value": 0.1640402227640152,
            "min": -0.06111928075551987,
            "max": 0.1640402227640152,
            "count": 3
        },
        "BearingAgentRandomX.Policy.ExtrinsicValueEstimate.sum": {
            "value": 164.5323486328125,
            "min": -49.07878112792969,
            "max": 164.5323486328125,
            "count": 3
        },
        "BearingAgentRandomX.Environment.EpisodeLength.mean": {
            "value": 109.05043859649123,
            "min": 106.48380129589633,
            "max": 109.05043859649123,
            "count": 3
        },
        "BearingAgentRandomX.Environment.EpisodeLength.sum": {
            "value": 49727.0,
            "min": 39931.0,
            "max": 49727.0,
            "count": 3
        },
        "BearingAgentRandomX.Environment.CumulativeReward.mean": {
            "value": 0.35526315789473684,
            "min": 0.20215633423180593,
            "max": 0.35526315789473684,
            "count": 3
        },
        "BearingAgentRandomX.Environment.CumulativeReward.sum": {
            "value": 162.0,
            "min": 75.0,
            "max": 162.0,
            "count": 3
        },
        "BearingAgentRandomX.Policy.ExtrinsicReward.mean": {
            "value": 0.35526315789473684,
            "min": 0.20215633423180593,
            "max": 0.35526315789473684,
            "count": 3
        },
        "BearingAgentRandomX.Policy.ExtrinsicReward.sum": {
            "value": 162.0,
            "min": 75.0,
            "max": 162.0,
            "count": 3
        },
        "BearingAgentRandomX.Losses.PolicyLoss.mean": {
            "value": 0.022325528431683776,
            "min": 0.022325528431683776,
            "max": 0.022525787663956482,
            "count": 3
        },
        "BearingAgentRandomX.Losses.PolicyLoss.sum": {
            "value": 0.11162764215841889,
            "min": 0.06757736299186945,
            "max": 0.11224197254826626,
            "count": 3
        },
        "BearingAgentRandomX.Losses.ValueLoss.mean": {
            "value": 0.05197970082362493,
            "min": 0.04970079988241196,
            "max": 0.05468101455933518,
            "count": 3
        },
        "BearingAgentRandomX.Losses.ValueLoss.sum": {
            "value": 0.25989850411812465,
            "min": 0.16404304367800554,
            "max": 0.25989850411812465,
            "count": 3
        },
        "BearingAgentRandomX.Policy.LearningRate.mean": {
            "value": 0.00013633877455376,
            "min": 0.00013633877455376,
            "max": 0.00019188003604000002,
            "count": 3
        },
        "BearingAgentRandomX.Policy.LearningRate.sum": {
            "value": 0.0006816938727688001,
            "min": 0.00057564010812,
            "max": 0.0008360570213144,
            "count": 3
        },
        "BearingAgentRandomX.Policy.Epsilon.mean": {
            "value": 0.14544624,
            "min": 0.14544624,
            "max": 0.16396000000000002,
            "count": 3
        },
        "BearingAgentRandomX.Policy.Epsilon.sum": {
            "value": 0.7272312000000001,
            "min": 0.49188000000000004,
            "max": 0.7786856,
            "count": 3
        },
        "BearingAgentRandomX.Policy.Beta.mean": {
            "value": 0.0022777673760000002,
            "min": 0.0022777673760000002,
            "max": 0.003201604,
            "count": 3
        },
        "BearingAgentRandomX.Policy.Beta.sum": {
            "value": 0.011388836880000001,
            "min": 0.009604811999999999,
            "max": 0.013956411440000004,
            "count": 3
        },
        "BearingAgentRandomX.IsTraining.mean": {
            "value": 1.0,
            "min": 1.0,
            "max": 1.0,
            "count": 3
        },
        "BearingAgentRandomX.IsTraining.sum": {
            "value": 1.0,
            "min": 1.0,
            "max": 1.0,
            "count": 3
        }
    },
    "metadata": {
        "timer_format_version": "0.1.0",
        "start_time_seconds": "1620837651",
        "python_version": "3.9.2 (tags/v3.9.2:1a79785, Feb 19 2021, 13:44:55) [MSC v.1928 64 bit (AMD64)]",
        "command_line_arguments": "C:\\Users\\tmoos\\AppData\\Local\\Programs\\Python\\Python39\\Scripts\\mlagents-learn --run-id=bearingagentrandomx --resume",
        "mlagents_version": "0.25.0",
        "mlagents_envs_version": "0.25.0",
        "communication_protocol_version": "1.5.0",
        "pytorch_version": "1.7.1+cu110",
        "numpy_version": "1.20.1",
        "end_time_seconds": "1620837985"
    },
    "total": 334.1962703,
    "count": 1,
    "self": 0.0030485999999427804,
    "children": {
        "run_training.setup": {
            "total": 0.03712020000000005,
            "count": 1,
            "self": 0.03712020000000005
        },
        "TrainerController.start_learning": {
            "total": 334.15610150000003,
            "count": 1,
            "self": 0.3883721999975478,
            "children": {
                "TrainerController._reset_env": {
                    "total": 5.6812463,
                    "count": 1,
                    "self": 5.6812463
                },
                "TrainerController.advance": {
                    "total": 328.0205080000025,
                    "count": 17767,
                    "self": 0.1670630000011215,
                    "children": {
                        "env_step": {
                            "total": 327.8534450000014,
                            "count": 17767,
                            "self": 275.7474068999996,
                            "children": {
                                "SubprocessEnvManager._take_step": {
                                    "total": 51.90396240000194,
                                    "count": 17767,
                                    "self": 1.0288738999992546,
                                    "children": {
                                        "TorchPolicy.evaluate": {
                                            "total": 50.87508850000268,
                                            "count": 16663,
                                            "self": 19.393659800005715,
                                            "children": {
                                                "TorchPolicy.sample_actions": {
                                                    "total": 31.481428699996968,
                                                    "count": 16663,
                                                    "self": 31.481428699996968
                                                }
                                            }
                                        }
                                    }
                                },
                                "workers": {
                                    "total": 0.20207569999984543,
                                    "count": 17766,
                                    "self": 0.0,
                                    "children": {
                                        "worker_root": {
                                            "total": 329.07245540000065,
                                            "count": 17766,
                                            "is_parallel": true,
                                            "self": 78.91587709999948,