{
    "name": "root",
    "metadata": {
        "timer_format_version": "0.1.0",
        "start_time_seconds": "1621446219",
        "python_version": "3.9.2 (tags/v3.9.2:1a79785, Feb 19 2021, 13:44:55) [MSC v.1928 64 bit (AMD64)]",
        "command_line_arguments": "C:\\Users\\tmoos\\AppData\\Local\\Programs\\Python\\Python39\\Scripts\\mlagents-learn config/standardConfig.yaml --run-id=convoyAgent1 --force",
        "mlagents_version": "0.25.0",
        "mlagents_envs_version": "0.25.0",
        "communication_protocol_version": "1.5.0",
        "pytorch_version": "1.7.1+cu110",
        "numpy_version": "1.20.1",
        "end_time_seconds": "1621446231"
    },
    "total": 11.7491703,
    "count": 1,
    "self": 0.007998699999998138,
    "children": {
        "run_training.setup": {
            "total": 0.11097959999999985,
            "count": 1,
            "self": 0.11097959999999985
        },
        "TrainerController.start_learning": {
            "total": 11.630192000000001,
            "count": 1,
            "self": 0.004236199999997581,
            "children": {
                "TrainerController._reset_env": {
                    "total": 6.1904815,
                    "count": 1,
                    "self": 6.1904815
                },
                "TrainerController.advance": {
                    "total": 5.313121400000004,
                    "count": 52,
                    "self": 0.0006697999999962789,
                    "children": {
                        "env_step": {
                            "total": 5.312451600000008,
                            "count": 52,
                            "self": 4.584731000000011,
                            "children": {
                                "SubprocessEnvManager._take_step": {
                                    "total": 0.7270984999999959,
                                    "count": 52,
                                    "self": 0.004929999999997214,
                                    "children": {
                                        "TorchPolicy.evaluate": {
                                            "total": 0.7221684999999987,
                                            "count": 52,
                                            "self": 0.05703320000000378,
                                            "children": {
                                                "TorchPolicy.sample_actions": {
                                                    "total": 0.6651352999999949,
                                                    "count": 52,
                                                    "self": 0.6651352999999949
                                                }
                                            }
                                        }
                                    }
                                },
                                "workers": {
                                    "total": 0.000622100000001069,
                                    "count": 51,
                                    "self": 0.0,
                                    "children": {
                                        "worker_root": {
                                            "total": 6.788818899999995,
                                            "count": 51,
                                            "is_parallel": true,
                                            "self": 2.3223110999999923,
                                            "children": {
                                                "steps_from_proto": {
                                                    "total": 0.00044429999999984204,
                                                    "count": 1,
                                                    "is_parallel": true,
                                                    "self": 0.0002455999999995129,
                                                    "children": {
                                                        "_process_rank_one_or_two_observation": {
                                                            "total": 0.00019870000000032917,
                                                            "count": 2,
                                                            "is_parallel": true,
                                                            "self": 0.00019870000000032917
                                                        }
                                                    }
                                                },
                                                "UnityEnvironment.step": {
                                                    "total": 4.466063500000003,
                                                    "count": 51,
                                                    "is_parallel": true,
                                                    "self": 0.004490000000011207,
                                                    "children": {
                                                        "UnityEnvironment._generate_step_input": {
                                                            "total": 0.018112199999987588,
                                                            "count": 51,
                                                            "is_parallel": true,
                                                            "self": 0.018112199999987588
                                                        },
                                                        "communicator.exchange": {
                                                            "total": 4.426005500000001,
                                                            "count": 51,
                                                            "is_parallel": true,
                                                            "self": 4.426005500000001
                                                        },
                                                        "steps_from_proto": {
                                                            "total": 0.01745580000000313,
                                                            "count": 51,
                                                            "is_parallel": true,
                                                            "self": 0.010178400000006249,
                                                            "children": {
                                                                "_process_rank_one_or_two_observation": {
                                                                    "total": 0.007277399999996881,
                                                                    "count": 102,
                                                                    "is_parallel": true,
                                                                    "self": 0.007277399999996881
                                                                }
                                                            }
                                                        }
                                                    }
                                                }
                                            }
                                        }
                                    }
                                }
                            }
                        }
                    }
                },
                "trainer_threads": {
                    "total": 2.0100000000411455e-05,
                    "count": 1,
                    "self": 2.0100000000411455e-05,
                    "children": {
                        "thread_root": {
                            "total": 0.0,
                            "count": 0,
                            "is_parallel": true,
                            "self": 0.0,