{
    "name": "root",
    "metadata": {
        "timer_format_version": "0.1.0",
        "start_time_seconds": "1621446343",
        "python_version": "3.9.2 (tags/v3.9.2:1a79785, Feb 19 2021, 13:44:55) [MSC v.1928 64 bit (AMD64)]",
        "command_line_arguments": "C:\\Users\\tmoos\\AppData\\Local\\Programs\\Python\\Python39\\Scripts\\mlagents-learn config/standardConfig.yaml --run-id=convoyAgent1 --force",
        "mlagents_version": "0.25.0",
        "mlagents_envs_version": "0.25.0",
        "communication_protocol_version": "1.5.0",
        "pytorch_version": "1.7.1+cu110",
        "numpy_version": "1.20.1",
        "end_time_seconds": "1621446373"
    },
    "total": 30.1181341,
    "count": 1,
    "self": 0.00645240000000058,
    "children": {
        "run_training.setup": {
            "total": 0.13837279999999996,
            "count": 1,
            "self": 0.13837279999999996
        },
        "TrainerController.start_learning": {
            "total": 29.9733089,
            "count": 1,
            "self": 0.01592820000001538,
            "children": {
                "TrainerController._reset_env": {
                    "total": 6.5192141,
                    "count": 1,
                    "self": 6.5192141
                },
                "TrainerController.advance": {
                    "total": 23.318019699999986,
                    "count": 196,
                    "self": 0.002439100000003691,
                    "children": {
                        "env_step": {
                            "total": 23.315580599999983,
                            "count": 196,
                            "self": 21.977783399999982,
                            "children": {
                                "SubprocessEnvManager._take_step": {
                                    "total": 1.3353937000000196,
                                    "count": 196,
                                    "self": 0.01900940000000695,
                                    "children": {
                                        "TorchPolicy.evaluate": {
                                            "total": 1.3163843000000126,
                                            "count": 196,
                                            "self": 0.22839459999999967,
                                            "children": {
                                                "TorchPolicy.sample_actions": {
                                                    "total": 1.087989700000013,
                                                    "count": 196,
                                                    "self": 1.087989700000013
                                                }
                                            }
                                        }
                                    }
                                },
                                "workers": {
                                    "total": 0.002403499999980241,
                                    "count": 195,
                                    "self": 0.0,
                                    "children": {
                                        "worker_root": {
                                            "total": 24.91155359999997,
                                            "count": 195,
                                            "is_parallel": true,
                                            "self": 3.194195999999927,
                                            "children": {
                                                "steps_from_proto": {
                                                    "total": 0.00044250000000012335,
                                                    "count": 1,
                                                    "is_parallel": true,
                                                    "self": 0.00023499999999998522,
                                                    "children": {
                                                        "_process_rank_one_or_two_observation": {
                                                            "total": 0.00020750000000013813,
                                                            "count": 2,
                                                            "is_parallel": true,
                                                            "self": 0.00020750000000013813
                                                        }
                                                    }
                                                },
                                                "UnityEnvironment.step": {
                                                    "total": 21.716915100000044,
                                                    "count": 195,
                                                    "is_parallel": true,
                                                    "self": 0.016234500000077645,
                                                    "children": {
                                                        "UnityEnvironment._generate_step_input": {
                                                            "total": 0.03951139999999498,
                                                            "count": 195,
                                                            "is_parallel": true,
                                                            "self": 0.03951139999999498
                                                        },
                                                        "communicator.exchange": {
                                                            "total": 21.598148400000003,
                                                            "count": 195,
                                                            "is_parallel": true,
                                                            "self": 21.598148400000003
                                                        },
                                                        "steps_from_proto": {
                                                            "total": 0.06302079999996923,
                                                            "count": 195,
                                                            "is_parallel": true,
                                                            "self": 0.03783700000000856,
                                                            "children": {
                                                                "_process_rank_one_or_two_observation": {
                                                                    "total": 0.025183799999960677,
                                                                    "count": 390,
                                                                    "is_parallel": true,
                                                                    "self": 0.025183799999960677
                                                                }
                                                            }
                                                        }
                                                    }
                                                }
                                            }
                                        }
                                    }
                                }
                            }
                        }
                    }
                },
                "trainer_threads": {
                    "total": 3.279999999961092e-05,
                    "count": 1,
                    "self": 3.279999999961092e-05,
                    "children": {
                        "thread_root": {
                            "total": 0.0,
                            "count": 0,
                            "is_parallel": true,
                            "self": 0.0,