{
    "name": "root",
    "metadata": {
        "timer_format_version": "0.1.0",
        "start_time_seconds": "1621446512",
        "python_version": "3.9.2 (tags/v3.9.2:1a79785, Feb 19 2021, 13:44:55) [MSC v.1928 64 bit (AMD64)]",
        "command_line_arguments": "C:\\Users\\tmoos\\AppData\\Local\\Programs\\Python\\Python39\\Scripts\\mlagents-learn config/standardConfig.yaml --run-id=convoyAgent1 --resume",
        "mlagents_version": "0.25.0",
        "mlagents_envs_version": "0.25.0",
        "communication_protocol_version": "1.5.0",
        "pytorch_version": "1.7.1+cu110",
        "numpy_version": "1.20.1",
        "end_time_seconds": "1621446627"
    },
    "total": 114.9179341,
    "count": 1,
    "self": 0.005880199999992897,
    "children": {
        "run_training.setup": {
            "total": 0.10890400000000011,
            "count": 1,
            "self": 0.10890400000000011
        },
        "TrainerController.start_learning": {
            "total": 114.80314990000001,
            "count": 1,
            "self": 0.4746792999997069,
            "children": {
                "TrainerController._reset_env": {
                    "total": 6.1844143,
                    "count": 1,
                    "self": 6.1844143
                },
                "TrainerController.advance": {
                    "total": 108.0487804000003,
                    "count": 6799,
                    "self": 0.08623420000058957,
                    "children": {
                        "env_step": {
                            "total": 107.96254619999971,
                            "count": 6799,
                            "self": 78.21311859999878,
                            "children": {
                                "SubprocessEnvManager._take_step": {
                                    "total": 29.655310900000618,
                                    "count": 6799,
                                    "self": 0.6601282000003224,
                                    "children": {
                                        "TorchPolicy.evaluate": {
                                            "total": 28.995182700000296,
                                            "count": 6799,
                                            "self": 7.822826000000003,
                                            "children": {
                                                "TorchPolicy.sample_actions": {
                                                    "total": 21.172356700000293,
                                                    "count": 6799,
                                                    "self": 21.172356700000293
                                                }
                                            }
                                        }
                                    }
                                },
                                "workers": {
                                    "total": 0.0941167000003098,
                                    "count": 6798,
                                    "self": 0.0,
                                    "children": {
                                        "worker_root": {
                                            "total": 109.50450169999975,
                                            "count": 6798,
                                            "is_parallel": true,
                                            "self": 40.15629979999996,
                                            "children": {
                                                "steps_from_proto": {
                                                    "total": 0.00043699999999979866,
                                                    "count": 1,
                                                    "is_parallel": true,
                                                    "self": 0.0002369999999993766,
                                                    "children": {
                                                        "_process_rank_one_or_two_observation": {
                                                            "total": 0.00020000000000042206,
                                                            "count": 2,
                                                            "is_parallel": true,
                                                            "self": 0.00020000000000042206
                                                        }
                                                    }
                                                },
                                                "UnityEnvironment.step": {
                                                    "total": 69.34776489999979,
                                                    "count": 6798,
                                                    "is_parallel": true,
                                                    "self": 0.5547062999987418,
                                                    "children": {
                                                        "UnityEnvironment._generate_step_input": {
                                                            "total": 1.3527353000000213,
                                                            "count": 6798,
                                                            "is_parallel": true,
                                                            "self": 1.3527353000000213
                                                        },
                                                        "communicator.exchange": {
                                                            "total": 65.26334100000086,
                                                            "count": 6798,
                                                            "is_parallel": true,
                                                            "self": 65.26334100000086
                                                        },
                                                        "steps_from_proto": {
                                                            "total": 2.176982300000158,
                                                            "count": 6798,
                                                            "is_parallel": true,
                                                            "self": 1.292072200000165,
                                                            "children": {
                                                                "_process_rank_one_or_two_observation": {
                                                                    "total": 0.8849100999999928,
                                                                    "count": 13596,
                                                                    "is_parallel": true,
                                                                    "self": 0.8849100999999928
                                                                }
                                                            }
                                                        }
                                                    }
                                                }
                                            }
                                        }
                                    }
                                }
                            }
                        }
                    }
                },
                "trainer_threads": {
                    "total": 2.2300000011910015e-05,
                    "count": 1,
                    "self": 2.2300000011910015e-05,
                    "children": {
                        "thread_root": {
                            "total": 0.0,
                            "count": 0,
                            "is_parallel": true,
                            "self": 0.0,