{
    "name": "root",
    "metadata": {
        "timer_format_version": "0.1.0",
        "start_time_seconds": "1621446677",
        "python_version": "3.9.2 (tags/v3.9.2:1a79785, Feb 19 2021, 13:44:55) [MSC v.1928 64 bit (AMD64)]",
        "command_line_arguments": "C:\\Users\\tmoos\\AppData\\Local\\Programs\\Python\\Python39\\Scripts\\mlagents-learn config/standardConfig.yaml --run-id=convoyAgent1 --force",
        "mlagents_version": "0.25.0",
        "mlagents_envs_version": "0.25.0",
        "communication_protocol_version": "1.5.0",
        "pytorch_version": "1.7.1+cu110",
        "numpy_version": "1.20.1",
        "end_time_seconds": "1621446721"
    },
    "total": 44.3078721,
    "count": 1,
    "self": 0.006468900000001554,
    "children": {
        "run_training.setup": {
            "total": 0.11008430000000002,
            "count": 1,
            "self": 0.11008430000000002
        },
        "TrainerController.start_learning": {
            "total": 44.1913189,
            "count": 1,
            "self": 0.2962792999999877,
            "children": {
                "TrainerController._reset_env": {
                    "total": 6.747145199999999,
                    "count": 1,
                    "self": 6.747145199999999
                },
                "TrainerController.advance": {
                    "total": 37.04223540000002,
                    "count": 1641,
                    "self": 0.019035500000107675,
                    "children": {
                        "env_step": {
                            "total": 37.02319989999991,
                            "count": 1641,
                            "self": 30.191550199999973,
                            "children": {
                                "SubprocessEnvManager._take_step": {
                                    "total": 6.810882699999972,
                                    "count": 1641,
                                    "self": 0.15082209999989793,
                                    "children": {
                                        "TorchPolicy.evaluate": {
                                            "total": 6.660060600000074,
                                            "count": 1641,
                                            "self": 1.7431020000000288,
                                            "children": {
                                                "TorchPolicy.sample_actions": {
                                                    "total": 4.916958600000045,
                                                    "count": 1641,
                                                    "self": 4.916958600000045
                                                }
                                            }
                                        }
                                    }
                                },
                                "workers": {
                                    "total": 0.020766999999965563,
                                    "count": 1640,
                                    "self": 0.0,
                                    "children": {
                                        "worker_root": {
                                            "total": 38.519351699999994,
                                            "count": 1640,
                                            "is_parallel": true,
                                            "self": 10.340178500000135,
                                            "children": {
                                                "steps_from_proto": {
                                                    "total": 0.0005319999999997549,
                                                    "count": 1,
                                                    "is_parallel": true,
                                                    "self": 0.0002804999999996838,
                                                    "children": {
                                                        "_process_rank_one_or_two_observation": {
                                                            "total": 0.0002515000000000711,
                                                            "count": 2,
                                                            "is_parallel": true,
                                                            "self": 0.0002515000000000711
                                                        }
                                                    }
                                                },
                                                "UnityEnvironment.step": {
                                                    "total": 28.17864119999986,
                                                    "count": 1640,
                                                    "is_parallel": true,
                                                    "self": 0.1277989999999427,
                                                    "children": {
                                                        "UnityEnvironment._generate_step_input": {
                                                            "total": 0.32843450000005614,
                                                            "count": 1640,
                                                            "is_parallel": true,
                                                            "self": 0.32843450000005614
                                                        },
                                                        "communicator.exchange": {
                                                            "total": 27.225769799999995,
                                                            "count": 1640,
                                                            "is_parallel": true,
                                                            "self": 27.225769799999995
                                                        },
                                                        "steps_from_proto": {
                                                            "total": 0.49663789999986463,
                                                            "count": 1640,
                                                            "is_parallel": true,
                                                            "self": 0.29880320000006666,
                                                            "children": {
                                                                "_process_rank_one_or_two_observation": {
                                                                    "total": 0.19783469999979797,
                                                                    "count": 3280,
                                                                    "is_parallel": true,
                                                                    "self": 0.19783469999979797
                                                                }
                                                            }
                                                        }
                                                    }
                                                }
                                            }
                                        }
                                    }
                                }
                            }
                        }
                    }
                },
                "trainer_threads": {
                    "total": 2.789999999919246e-05,
                    "count": 1,
                    "self": 2.789999999919246e-05,
                    "children": {
                        "thread_root": {
                            "total": 0.0,
                            "count": 0,
                            "is_parallel": true,
                            "self": 0.0,