{
    "name": "root",
    "metadata": {
        "timer_format_version": "0.1.0",
        "start_time_seconds": "1621446405",
        "python_version": "3.9.2 (tags/v3.9.2:1a79785, Feb 19 2021, 13:44:55) [MSC v.1928 64 bit (AMD64)]",
        "command_line_arguments": "C:\\Users\\tmoos\\AppData\\Local\\Programs\\Python\\Python39\\Scripts\\mlagents-learn config/standardConfig.yaml --run-id=convoyAgent1 --force",
        "mlagents_version": "0.25.0",
        "mlagents_envs_version": "0.25.0",
        "communication_protocol_version": "1.5.0",
        "pytorch_version": "1.7.1+cu110",
        "numpy_version": "1.20.1",
        "end_time_seconds": "1621446487"
    },
    "total": 82.4605625,
    "count": 1,
    "self": 0.007783000000003426,
    "children": {
        "run_training.setup": {
            "total": 0.11196759999999983,
            "count": 1,
            "self": 0.11196759999999983
        },
        "TrainerController.start_learning": {
            "total": 82.34081189999999,
            "count": 1,
            "self": 0.08674790000006283,
            "children": {
                "TrainerController._reset_env": {
                    "total": 6.881562099999999,
                    "count": 1,
                    "self": 6.881562099999999
                },
                "TrainerController.advance": {
                    "total": 75.24849249999993,
                    "count": 2411,
                    "self": 0.02926529999965055,
                    "children": {
                        "env_step": {
                            "total": 75.21922720000028,
                            "count": 2411,
                            "self": 64.8871149000003,
                            "children": {
                                "SubprocessEnvManager._take_step": {
                                    "total": 10.299495100000009,
                                    "count": 2411,
                                    "self": 0.23756340000006837,
                                    "children": {
                                        "TorchPolicy.evaluate": {
                                            "total": 10.06193169999994,
                                            "count": 2411,
                                            "self": 2.824937900000089,
                                            "children": {
                                                "TorchPolicy.sample_actions": {
                                                    "total": 7.236993799999851,
                                                    "count": 2411,
                                                    "self": 7.236993799999851
                                                }
                                            }
                                        }
                                    }
                                },
                                "workers": {
                                    "total": 0.03261719999996515,
                                    "count": 2410,
                                    "self": 0.0,
                                    "children": {
                                        "worker_root": {
                                            "total": 76.78555250000035,
                                            "count": 2410,
                                            "is_parallel": true,
                                            "self": 14.993290800000437,
                                            "children": {
                                                "steps_from_proto": {
                                                    "total": 0.0008023000000001446,
                                                    "count": 1,
                                                    "is_parallel": true,
                                                    "self": 0.00048160000000052605,
                                                    "children": {
                                                        "_process_rank_one_or_two_observation": {
                                                            "total": 0.0003206999999996185,
                                                            "count": 2,
                                                            "is_parallel": true,
                                                            "self": 0.0003206999999996185
                                                        }
                                                    }
                                                },
                                                "UnityEnvironment.step": {
                                                    "total": 61.79145939999991,
                                                    "count": 2410,
                                                    "is_parallel": true,
                                                    "self": 0.1970790000002367,
                                                    "children": {
                                                        "UnityEnvironment._generate_step_input": {
                                                            "total": 0.4858042999998613,
                                                            "count": 2410,
                                                            "is_parallel": true,
                                                            "self": 0.4858042999998613
                                                        },
                                                        "communicator.exchange": {
                                                            "total": 60.33253889999989,
                                                            "count": 2410,
                                                            "is_parallel": true,
                                                            "self": 60.33253889999989
                                                        },
                                                        "steps_from_proto": {
                                                            "total": 0.7760371999999176,
                                                            "count": 2410,
                                                            "is_parallel": true,
                                                            "self": 0.46857219999960087,
                                                            "children": {
                                                                "_process_rank_one_or_two_observation": {
                                                                    "total": 0.30746500000031673,
                                                                    "count": 4820,
                                                                    "is_parallel": true,
                                                                    "self": 0.30746500000031673
                                                                }
                                                            }
                                                        }
                                                    }
                                                }
                                            }
                                        }
                                    }
                                }
                            }
                        }
                    }
                },
                "trainer_threads": {
                    "total": 2.849999999909869e-05,
                    "count": 1,
                    "self": 2.849999999909869e-05,
                    "children": {
                        "thread_root": {
                            "total": 0.0,
                            "count": 0,
                            "is_parallel": true,
                            "self": 0.0,