{
    "name": "root",
    "metadata": {
        "timer_format_version": "0.1.0",
        "start_time_seconds": "1621446304",
        "python_version": "3.9.2 (tags/v3.9.2:1a79785, Feb 19 2021, 13:44:55) [MSC v.1928 64 bit (AMD64)]",
        "command_line_arguments": "C:\\Users\\tmoos\\AppData\\Local\\Programs\\Python\\Python39\\Scripts\\mlagents-learn config/standardConfig.yaml --run-id=convoyAgent1 --force",
        "mlagents_version": "0.25.0",
        "mlagents_envs_version": "0.25.0",
        "communication_protocol_version": "1.5.0",
        "pytorch_version": "1.7.1+cu110",
        "numpy_version": "1.20.1",
        "end_time_seconds": "1621446324"
    },
    "total": 19.8969853,
    "count": 1,
    "self": 0.00644229999999979,
    "children": {
        "run_training.setup": {
            "total": 0.1066984000000002,
            "count": 1,
            "self": 0.1066984000000002
        },
        "TrainerController.start_learning": {
            "total": 19.783844600000002,
            "count": 1,
            "self": 0.019742900000004227,
            "children": {
                "TrainerController._reset_env": {
                    "total": 7.089489100000001,
                    "count": 1,
                    "self": 7.089489100000001
                },
                "TrainerController.advance": {
                    "total": 12.561665699999997,
                    "count": 324,
                    "self": 0.004204299999981842,
                    "children": {
                        "env_step": {
                            "total": 12.557461400000015,
                            "count": 324,
                            "self": 10.819686900000015,
                            "children": {
                                "SubprocessEnvManager._take_step": {
                                    "total": 1.7339213999999963,
                                    "count": 324,
                                    "self": 0.029613599999954943,
                                    "children": {
                                        "TorchPolicy.evaluate": {
                                            "total": 1.7043078000000413,
                                            "count": 324,
                                            "self": 0.35144200000005554,
                                            "children": {
                                                "TorchPolicy.sample_actions": {
                                                    "total": 1.3528657999999858,
                                                    "count": 324,
                                                    "self": 1.3528657999999858
                                                }
                                            }
                                        }
                                    }
                                },
                                "workers": {
                                    "total": 0.0038531000000041615,
                                    "count": 323,
                                    "self": 0.0,
                                    "children": {
                                        "worker_root": {
                                            "total": 14.124029900000034,
                                            "count": 323,
                                            "is_parallel": true,
                                            "self": 3.702364500000055,
                                            "children": {
                                                "steps_from_proto": {
                                                    "total": 0.0003992999999997693,
                                                    "count": 1,
                                                    "is_parallel": true,
                                                    "self": 0.0002272999999988201,
                                                    "children": {
                                                        "_process_rank_one_or_two_observation": {
                                                            "total": 0.00017200000000094917,
                                                            "count": 2,
                                                            "is_parallel": true,
                                                            "self": 0.00017200000000094917
                                                        }
                                                    }
                                                },
                                                "UnityEnvironment.step": {
                                                    "total": 10.421266099999979,
                                                    "count": 323,
                                                    "is_parallel": true,
                                                    "self": 0.02390139999997487,
                                                    "children": {
                                                        "UnityEnvironment._generate_step_input": {
                                                            "total": 0.06590909999994476,
                                                            "count": 323,
                                                            "is_parallel": true,
                                                            "self": 0.06590909999994476
                                                        },
                                                        "communicator.exchange": {
                                                            "total": 10.233799500000028,
                                                            "count": 323,
                                                            "is_parallel": true,
                                                            "self": 10.233799500000028
                                                        },
                                                        "steps_from_proto": {
                                                            "total": 0.09765610000002933,
                                                            "count": 323,
                                                            "is_parallel": true,
                                                            "self": 0.05781930000001445,
                                                            "children": {
                                                                "_process_rank_one_or_two_observation": {
                                                                    "total": 0.03983680000001488,
                                                                    "count": 646,
                                                                    "is_parallel": true,
                                                                    "self": 0.03983680000001488
                                                                }
                                                            }
                                                        }
                                                    }
                                                }
                                            }
                                        }
                                    }
                                }
                            }
                        }
                    }
                },
                "trainer_threads": {
                    "total": 3.640000000260102e-05,
                    "count": 1,
                    "self": 3.640000000260102e-05,
                    "children": {
                        "thread_root": {
                            "total": 0.0,
                            "count": 0,
                            "is_parallel": true,
                            "self": 0.0,