{
    "name": "root",
    "gauges": {
        "Chaser.Policy.Entropy.mean": {
            "value": 5.495234489440918,
            "min": 5.490706443786621,
            "max": 5.545799732208252,
            "count": 4
        },
        "Chaser.Policy.Entropy.sum": {
            "value": 274289.125,
            "min": 88494.328125,
            "max": 276132.78125,
            "count": 4
        },
        "Chaser.Policy.ExtrinsicValueEstimate.mean": {
            "value": -2.7145462036132812,
            "min": -2.9325027465820312,
            "max": -2.684601306915283,
            "count": 4
        },
        "Chaser.Policy.ExtrinsicValueEstimate.sum": {
            "value": -2440.376953125,
            "min": -2520.13037109375,
            "max": -809.3707885742188,
            "count": 4
        },
        "Chaser.Environment.EpisodeLength.mean": {
            "value": 247.91666666666666,
            "min": 247.72727272727272,
            "max": 271.188679245283,
            "count": 4
        },
        "Chaser.Environment.EpisodeLength.sum": {
            "value": 50575.0,
            "min": 14373.0,
            "max": 50575.0,
            "count": 4
        },
        "Chaser.Environment.CumulativeReward.mean": {
            "value": -7.674437029250696,
            "min": -8.561227231655481,
            "max": -7.674437029250696,
            "count": 4
        },
        "Chaser.Environment.CumulativeReward.sum": {
            "value": -1565.585153967142,
            "min": -1565.585153967142,
            "max": -453.7450432777405,
            "count": 4
        },
        "Chaser.Policy.ExtrinsicReward.mean": {
            "value": -7.674437029250696,
            "min": -8.561227231655481,
            "max": -7.674437029250696,
            "count": 4
        },
        "Chaser.Policy.ExtrinsicReward.sum": {
            "value": -1565.585153967142,
            "min": -1565.585153967142,
            "max": -453.7450432777405,
            "count": 4
        },
        "Chaser.Losses.PolicyLoss.mean": {
            "value": 0.023511329006093245,
            "min": 0.023511329006093245,
            "max": 0.02589017294036845,
            "count": 4
        },
        "Chaser.Losses.PolicyLoss.sum": {
            "value": 0.11755664503046623,
            "min": 0.025764512410387398,
            "max": 0.12945086470184225,
            "count": 4
        },
        "Chaser.Losses.ValueLoss.mean": {
            "value": 0.12065160110592843,
            "min": 0.10216600795586904,
            "max": 0.1401032303770383,
            "count": 4
        },
        "Chaser.Losses.ValueLoss.sum": {
            "value": 0.6032580055296421,
            "min": 0.10216600795586904,
            "max": 0.7005161518851916,
            "count": 4
        },
        "Chaser.Policy.LearningRate.mean": {
            "value": 1.2887735704120003e-05,
            "min": 1.2887735704120003e-05,
            "max": 9.31014689662e-05,
            "count": 4
        },
        "Chaser.Policy.LearningRate.sum": {
            "value": 6.443867852060001e-05,
            "min": 6.443867852060001e-05,
            "max": 0.0003730317756561999,
            "count": 4
        },
        "Chaser.Policy.Epsilon.mean": {
            "value": 0.10429588000000001,
            "min": 0.10429588000000001,
            "max": 0.1310338,
            "count": 4
        },
        "Chaser.Policy.Epsilon.sum": {
            "value": 0.5214794,
            "min": 0.1310338,
            "max": 0.6243438,
            "count": 4
        },
        "Chaser.Policy.Beta.mean": {
            "value": 0.00022436441200000012,
            "min": 0.00022436441200000012,
            "max": 0.0015585866200000008,
            "count": 4
        },
        "Chaser.Policy.Beta.sum": {
            "value": 0.0011218220600000006,
            "min": 0.0011218220600000006,
            "max": 0.00625475562,
            "count": 4
        },
        "Chaser.IsTraining.mean": {
            "value": 1.0,
            "min": 1.0,
            "max": 1.0,
            "count": 4
        },
        "Chaser.IsTraining.sum": {
            "value": 1.0,
            "min": 1.0,
            "max": 1.0,
            "count": 4
        }
    },
    "metadata": {
        "timer_format_version": "0.1.0",
        "start_time_seconds": "1621209694",
        "python_version": "3.9.2 (tags/v3.9.2:1a79785, Feb 19 2021, 13:44:55) [MSC v.1928 64 bit (AMD64)]",
        "command_line_arguments": "C:\\Users\\tmoos\\AppData\\Local\\Programs\\Python\\Python39\\Scripts\\mlagents-learn config/standardConfig.yaml --run-id=chaserAgent9 --resume",
        "mlagents_version": "0.25.0",
        "mlagents_envs_version": "0.25.0",
        "communication_protocol_version": "1.5.0",
        "pytorch_version": "1.7.1+cu110",
        "numpy_version": "1.20.1",
        "end_time_seconds": "1621210068"
    },
    "total": 373.2542769,
    "count": 1,
    "self": 0.008586499999978514,
    "children": {
        "run_training.setup": {
            "total": 0.11879259999999991,
            "count": 1,
            "self": 0.11879259999999991
        },
        "TrainerController.start_learning": {
            "total": 373.1268978,
            "count": 1,
            "self": 0.6014492000014116,
            "children": {
                "TrainerController._reset_env": {
                    "total": 6.9780769,
                    "count": 1,
                    "self": 6.9780769
                },
                "TrainerController.advance": {
                    "total": 365.50036319999856,
                    "count": 18949,
                    "self": 0.24705249999948364,
                    "children": {
                        "env_step": {
                            "total": 365.2533106999991,
                            "count": 18949,
                            "self": 275.19707669999286,
                            "children": {
                                "SubprocessEnvManager._take_step": {
                                    "total": 89.79186980000367,
                                    "count": 18949,
                                    "self": 1.8131579000065159,
                                    "children": {
                                        "TorchPolicy.evaluate": {
                                            "total": 87.97871189999715,
                                            "count": 18430,
                                            "self": 33.87044899999882,
                                            "children": {
                                                "TorchPolicy.sample_actions": {
                                                    "total": 54.10826289999833,
                                                    "count": 18430,
                                                    "self": 54.10826289999833
                                                }
                                            }
                                        }
                                    }
                                },
                                "workers": {
                                    "total": 0.26436420000256255,
                                    "count": 18949,
                                    "self": 0.0,
                                    "children": {
                                        "worker_root": {
                                            "total": 366.9863136999956,
                                            "count": 18949,
                                            "is_parallel": true,
                                            "self": 125.3940772999984,
                                            "children": {
                                                "steps_from_proto": {
                                                    "total": 0.0008121000000000933,
                                                    "count": 1,