{
    "name": "root",
    "metadata": {
        "timer_format_version": "0.1.0",
        "start_time_seconds": "1621021334",
        "python_version": "3.9.2 (tags/v3.9.2:1a79785, Feb 19 2021, 13:44:55) [MSC v.1928 64 bit (AMD64)]",
        "command_line_arguments": "C:\\Users\\tmoos\\AppData\\Local\\Programs\\Python\\Python39\\Scripts\\mlagents-learn --run-id=openwaterplusrelbearing",
        "mlagents_version": "0.25.0",
        "mlagents_envs_version": "0.25.0",
        "communication_protocol_version": "1.5.0",
        "pytorch_version": "1.7.1+cu110",
        "numpy_version": "1.20.1",
        "end_time_seconds": "1621021435"
    },
    "total": 101.401921,
    "count": 1,
    "self": 0.004651799999990658,
    "children": {
        "run_training.setup": {
            "total": 0.054177300000000095,
            "count": 1,
            "self": 0.054177300000000095
        },
        "TrainerController.start_learning": {
            "total": 101.3430919,
            "count": 1,
            "self": 0.313114300000052,
            "children": {
                "TrainerController._reset_env": {
                    "total": 10.1242143,
                    "count": 1,
                    "self": 10.1242143
                },
                "TrainerController.advance": {
                    "total": 90.83193469999995,
                    "count": 3498,
                    "self": 0.0449707999999589,
                    "children": {
                        "env_step": {
                            "total": 90.78696389999999,
                            "count": 3498,
                            "self": 77.17735769999999,
                            "children": {
                                "SubprocessEnvManager._take_step": {
                                    "total": 13.562944399999926,
                                    "count": 3498,
                                    "self": 0.31750809999986984,
                                    "children": {
                                        "TorchPolicy.evaluate": {
                                            "total": 13.245436300000057,
                                            "count": 3489,
                                            "self": 4.701508000000368,
                                            "children": {
                                                "TorchPolicy.sample_actions": {
                                                    "total": 8.543928299999688,
                                                    "count": 3489,
                                                    "self": 8.543928299999688
                                                }
                                            }
                                        }
                                    }
                                },
                                "workers": {
                                    "total": 0.046661800000082465,
                                    "count": 3497,
                                    "self": 0.0,
                                    "children": {
                                        "worker_root": {
                                            "total": 92.2853228999997,
                                            "count": 3497,
                                            "is_parallel": true,
                                            "self": 21.196179699999746,
                                            "children": {
                                                "steps_from_proto": {
                                                    "total": 0.0005268999999987756,
                                                    "count": 1,
                                                    "is_parallel": true,
                                                    "self": 0.00026680000000034454,
                                                    "children": {
                                                        "_process_rank_one_or_two_observation": {
                                                            "total": 0.00026009999999843103,
                                                            "count": 2,
                                                            "is_parallel": true,
                                                            "self": 0.00026009999999843103
                                                        }
                                                    }
                                                },
                                                "UnityEnvironment.step": {
                                                    "total": 71.08861629999996,
                                                    "count": 3497,
                                                    "is_parallel": true,
                                                    "self": 0.3409996999995286,
                                                    "children": {
                                                        "UnityEnvironment._generate_step_input": {
                                                            "total": 1.5976314000002123,
                                                            "count": 3497,
                                                            "is_parallel": true,
                                                            "self": 1.5976314000002123
                                                        },
                                                        "communicator.exchange": {
                                                            "total": 67.90222859999997,
                                                            "count": 3497,
                                                            "is_parallel": true,
                                                            "self": 67.90222859999997
                                                        },
                                                        "steps_from_proto": {
                                                            "total": 1.2477566000002422,
                                                            "count": 3497,
                                                            "is_parallel": true,
                                                            "self": 0.7154936000000074,
                                                            "children": {
                                                                "_process_rank_one_or_two_observation": {
                                                                    "total": 0.5322630000002349,
                                                                    "count": 6994,
                                                                    "is_parallel": true,
                                                                    "self": 0.5322630000002349
                                                                }
                                                            }
                                                        }
                                                    }
                                                }
                                            }
                                        }
                                    }
                                }
                            }
                        }
                    }
                },
                "trainer_threads": {
                    "total": 3.189999999619886e-05,
                    "count": 1,
                    "self": 3.189999999619886e-05,
                    "children": {
                        "thread_root": {
                            "total": 0.0,
                            "count": 0,
                            "is_parallel": true,
                            "self": 0.0,
                            "children": {
                                "trainer_advance": {
                                    "total": 91.00738700000014,