{
    "name": "root",
    "gauges": {
        "SearcherAgent.Policy.Entropy.mean": {
            "value": 1.8592474460601807,
            "min": 1.855100393295288,
            "max": 2.7000246047973633,
            "count": 44
        },
        "SearcherAgent.Policy.Entropy.sum": {
            "value": 18189.017578125,
            "min": 18189.017578125,
            "max": 28990.1640625,
            "count": 44
        },
        "SearcherAgent.Policy.ExtrinsicValueEstimate.mean": {
            "value": -0.24401891231536865,
            "min": -0.24401891231536865,
            "max": 0.060380298644304276,
            "count": 44
        },
        "SearcherAgent.Policy.ExtrinsicValueEstimate.sum": {
            "value": -39.043025970458984,
            "min": -39.043025970458984,
            "max": 9.600467681884766,
            "count": 44
        },
        "SearcherAgent.Losses.PolicyLoss.mean": {
            "value": 0.2401520810397239,
            "min": 0.22727667420569225,
            "max": 0.2594594759637063,
            "count": 44
        },
        "SearcherAgent.Losses.PolicyLoss.sum": {
            "value": 1.9212166483177913,
            "min": 1.818213393645538,
            "max": 2.3223798934314757,
            "count": 44
        },
        "SearcherAgent.Losses.ValueLoss.mean": {
            "value": 0.027082009658542794,
            "min": 5.597590096527419e-08,
            "max": 0.04570288947272468,
            "count": 44
        },
        "SearcherAgent.Losses.ValueLoss.sum": {
            "value": 0.21665607726834235,
            "min": 4.4780720772219354e-07,
            "max": 0.36562311578179746,
            "count": 44
        },
        "SearcherAgent.Policy.LearningRate.mean": {
            "value": 0.00019118228627258333,
            "min": 0.00019118228627258333,
            "max": 0.00029890833369722216,
            "count": 44
        },
        "SearcherAgent.Policy.LearningRate.sum": {
            "value": 0.0015294582901806666,
            "min": 0.0015294582901806666,
            "max": 0.0026901750032749996,
            "count": 44
        },
        "SearcherAgent.Policy.Epsilon.mean": {
            "value": 0.16372741666666668,
            "min": 0.16372741666666668,
            "max": 0.1996361111111111,
            "count": 44
        },
        "SearcherAgent.Policy.Epsilon.sum": {
            "value": 1.3098193333333334,
            "min": 1.3098193333333334,
            "max": 1.796725,
            "count": 44
        },
        "SearcherAgent.Policy.Beta.mean": {
            "value": 0.0003222643416666667,
            "min": 0.0003222643416666667,
            "max": 0.0004982169444444444,
            "count": 44
        },
        "SearcherAgent.Policy.Beta.sum": {
            "value": 0.0025781147333333336,
            "min": 0.0025781147333333336,
            "max": 0.0044839525,
            "count": 44
        },
        "SearcherAgent.Environment.EpisodeLength.mean": {
            "value": 499.0,
            "min": 451.6,
            "max": 499.0,
            "count": 44
        },
        "SearcherAgent.Environment.EpisodeLength.sum": {
            "value": 11976.0,
            "min": 8982.0,
            "max": 12702.0,
            "count": 44
        },
        "SearcherAgent.Environment.CumulativeReward.mean": {
            "value": -1.1589999093674124,
            "min": -1.9034998945891857,
            "max": 0.0,
            "count": 44
        },
        "SearcherAgent.Environment.CumulativeReward.sum": {
            "value": -23.179998187348247,
            "min": -39.76999728381634,
            "max": 0.0,
            "count": 44
        },
        "SearcherAgent.Policy.ExtrinsicReward.mean": {
            "value": -1.1589999093674124,
            "min": -1.9034998945891857,
            "max": 0.0,
            "count": 44
        },
        "SearcherAgent.Policy.ExtrinsicReward.sum": {
            "value": -23.179998187348247,
            "min": -39.76999728381634,
            "max": 0.0,
            "count": 44
        },
        "SearcherAgent.IsTraining.mean": {
            "value": 1.0,
            "min": 1.0,
            "max": 1.0,
            "count": 44
        },
        "SearcherAgent.IsTraining.sum": {
            "value": 1.0,
            "min": 1.0,
            "max": 1.0,
            "count": 44
        }
    },
    "metadata": {
        "timer_format_version": "0.1.0",
        "start_time_seconds": "1621428017",
        "python_version": "3.9.2 (tags/v3.9.2:1a79785, Feb 19 2021, 13:44:55) [MSC v.1928 64 bit (AMD64)]",
        "command_line_arguments": "C:\\Users\\tmoos\\AppData\\Local\\Programs\\Python\\Python39\\Scripts\\mlagents-learn config/standardConfig.yaml --run-id=searcherLocator1 --force",
        "mlagents_version": "0.25.0",
        "mlagents_envs_version": "0.25.0",
        "communication_protocol_version": "1.5.0",
        "pytorch_version": "1.7.1+cu110",
        "numpy_version": "1.20.1",
        "end_time_seconds": "1621429941"
    },
    "total": 1924.0718186,
    "count": 1,
    "self": 0.009427599999980885,
    "children": {
        "run_training.setup": {
            "total": 0.11253420000000003,
            "count": 1,
            "self": 0.11253420000000003
        },
        "TrainerController.start_learning": {
            "total": 1923.9498568,
            "count": 1,
            "self": 2.4870713000057094,
            "children": {
                "TrainerController._reset_env": {
                    "total": 4.4958096,
                    "count": 1,
                    "self": 4.4958096
                },
                "TrainerController.advance": {
                    "total": 1916.8011982999942,
                    "count": 50224,
                    "self": 0.6291690000018662,
                    "children": {
                        "env_step": {
                            "total": 1916.1720292999923,
                            "count": 50224,
                            "self": 1664.722658199999,
                            "children": {
                                "SubprocessEnvManager._take_step": {
                                    "total": 250.7913451999883,
                                    "count": 50224,
                                    "self": 4.568817699991683,
                                    "children": {
                                        "TorchPolicy.evaluate": {
                                            "total": 246.22252749999663,
                                            "count": 49979,
                                            "self": 60.43214050000128,
                                            "children": {
                                                "TorchPolicy.sample_actions": {
                                                    "total": 185.79038699999535,
                                                    "count": 49979,
                                                    "self": 185.79038699999535
                                                }
                                            }
                                        }
                                    }
                                },
                                "workers": {
                                    "total": 0.6580259000051552,
                                    "count": 50223,
                                    "self": 0.0,
                                    "children": {
                                        "worker_root": {
                                            "total": 1917.755675199998,
                                            "count": 50223,
                                            "is_parallel": true,
                                            "self": 969.0546077000159,