{
    "name": "root",
    "metadata": {
        "timer_format_version": "0.1.0",
        "start_time_seconds": "1621347833",
        "python_version": "3.9.2 (tags/v3.9.2:1a79785, Feb 19 2021, 13:44:55) [MSC v.1928 64 bit (AMD64)]",
        "command_line_arguments": "C:\\Users\\tmoos\\AppData\\Local\\Programs\\Python\\Python39\\Scripts\\mlagents-learn config/standardConfig.yaml --run-id=chaserBaseAngleRewardOnly --force --resume",
        "mlagents_version": "0.25.0",
        "mlagents_envs_version": "0.25.0",
        "communication_protocol_version": "1.5.0",
        "pytorch_version": "1.7.1+cu110",
        "numpy_version": "1.20.1",
        "end_time_seconds": "1621347859"
    },
    "total": 25.6506266,
    "count": 1,
    "self": 0.006611799999998169,
    "children": {
        "run_training.setup": {
            "total": 0.13277169999999994,
            "count": 1,
            "self": 0.13277169999999994
        },
        "TrainerController.start_learning": {
            "total": 25.5112431,
            "count": 1,
            "self": 1.0296077999999973,
            "children": {
                "TrainerController._reset_env": {
                    "total": 5.195525099999999,
                    "count": 1,
                    "self": 5.195525099999999
                },
                "TrainerController.advance": {
                    "total": 19.1583874,
                    "count": 529,
                    "self": 0.007603299999988877,
                    "children": {
                        "env_step": {
                            "total": 19.15078410000001,
                            "count": 529,
                            "self": 15.584352900000066,
                            "children": {
                                "SubprocessEnvManager._take_step": {
                                    "total": 3.5588233999999677,
                                    "count": 529,
                                    "self": 0.05579909999999533,
                                    "children": {
                                        "TorchPolicy.evaluate": {
                                            "total": 3.5030242999999723,
                                            "count": 529,
                                            "self": 0.7297094999999798,
                                            "children": {
                                                "TorchPolicy.sample_actions": {
                                                    "total": 2.7733147999999925,
                                                    "count": 529,
                                                    "self": 2.7733147999999925
                                                }
                                            }
                                        }
                                    }
                                },
                                "workers": {
                                    "total": 0.0076077999999757395,
                                    "count": 528,
                                    "self": 0.0,
                                    "children": {
                                        "worker_root": {
                                            "total": 20.853728399999998,
                                            "count": 528,
                                            "is_parallel": true,
                                            "self": 11.439054600000041,
                                            "children": {
                                                "steps_from_proto": {
                                                    "total": 0.0005700000000001815,
                                                    "count": 1,
                                                    "is_parallel": true,
                                                    "self": 0.00030880000000044205,
                                                    "children": {
                                                        "_process_rank_one_or_two_observation": {
                                                            "total": 0.0002611999999997394,
                                                            "count": 2,
                                                            "is_parallel": true,
                                                            "self": 0.0002611999999997394
                                                        }
                                                    }
                                                },
                                                "UnityEnvironment.step": {
                                                    "total": 9.414103799999957,
                                                    "count": 528,
                                                    "is_parallel": true,
                                                    "self": 0.0616907999999583,
                                                    "children": {
                                                        "UnityEnvironment._generate_step_input": {
                                                            "total": 0.2860967999999824,
                                                            "count": 528,
                                                            "is_parallel": true,
                                                            "self": 0.2860967999999824
                                                        },
                                                        "communicator.exchange": {
                                                            "total": 8.841055799999976,
                                                            "count": 528,
                                                            "is_parallel": true,
                                                            "self": 8.841055799999976
                                                        },
                                                        "steps_from_proto": {
                                                            "total": 0.225260400000038,
                                                            "count": 528,
                                                            "is_parallel": true,
                                                            "self": 0.13320930000000875,
                                                            "children": {
                                                                "_process_rank_one_or_two_observation": {
                                                                    "total": 0.09205110000002925,
                                                                    "count": 1056,
                                                                    "is_parallel": true,
                                                                    "self": 0.09205110000002925
                                                                }
                                                            }
                                                        }
                                                    }
                                                }
                                            }
                                        }
                                    }
                                }
                            }
                        }
                    }
                },
                "trainer_threads": {
                    "total": 4.790000000198802e-05,
                    "count": 1,
                    "self": 4.790000000198802e-05,
                    "children": {
                        "thread_root": {
                            "total": 0.0,
                            "count": 0,
                            "is_parallel": true,
                            "self": 0.0,