{
    "name": "root",
    "metadata": {
        "timer_format_version": "0.1.0",
        "start_time_seconds": "1621193995",
        "python_version": "3.9.2 (tags/v3.9.2:1a79785, Feb 19 2021, 13:44:55) [MSC v.1928 64 bit (AMD64)]",
        "command_line_arguments": "C:\\Users\\tmoos\\AppData\\Local\\Programs\\Python\\Python39\\Scripts\\mlagents-learn config/standardConfig.yaml --run-id=chaseragent2 --force",
        "mlagents_version": "0.25.0",
        "mlagents_envs_version": "0.25.0",
        "communication_protocol_version": "1.5.0",
        "pytorch_version": "1.7.1+cu110",
        "numpy_version": "1.20.1",
        "end_time_seconds": "1621194028"
    },
    "total": 32.9146908,
    "count": 1,
    "self": 0.0061249999999972715,
    "children": {
        "run_training.setup": {
            "total": 0.12902999999999998,
            "count": 1,
            "self": 0.12902999999999998
        },
        "TrainerController.start_learning": {
            "total": 32.779535800000005,
            "count": 1,
            "self": 1.0717479000000125,
            "children": {
                "TrainerController._reset_env": {
                    "total": 6.785621900000001,
                    "count": 1,
                    "self": 6.785621900000001
                },
                "TrainerController.advance": {
                    "total": 24.60569409999999,
                    "count": 1203,
                    "self": 0.014932000000015933,
                    "children": {
                        "env_step": {
                            "total": 24.590762099999974,
                            "count": 1203,
                            "self": 19.08885149999999,
                            "children": {
                                "SubprocessEnvManager._take_step": {
                                    "total": 5.4867223999999855,
                                    "count": 1203,
                                    "self": 0.11435429999998448,
                                    "children": {
                                        "TorchPolicy.evaluate": {
                                            "total": 5.372368100000001,
                                            "count": 1200,
                                            "self": 1.8998093999999242,
                                            "children": {
                                                "TorchPolicy.sample_actions": {
                                                    "total": 3.472558700000077,
                                                    "count": 1200,
                                                    "self": 3.472558700000077
                                                }
                                            }
                                        }
                                    }
                                },
                                "workers": {
                                    "total": 0.015188200000000762,
                                    "count": 1202,
                                    "self": 0.0,
                                    "children": {
                                        "worker_root": {
                                            "total": 26.28086470000001,
                                            "count": 1202,
                                            "is_parallel": true,
                                            "self": 8.997113500000022,
                                            "children": {
                                                "steps_from_proto": {
                                                    "total": 0.0005471999999997479,
                                                    "count": 1,
                                                    "is_parallel": true,
                                                    "self": 0.0002759000000001066,
                                                    "children": {
                                                        "_process_rank_one_or_two_observation": {
                                                            "total": 0.00027129999999964127,
                                                            "count": 2,
                                                            "is_parallel": true,
                                                            "self": 0.00027129999999964127
                                                        }
                                                    }
                                                },
                                                "UnityEnvironment.step": {
                                                    "total": 17.283203999999987,
                                                    "count": 1202,
                                                    "is_parallel": true,
                                                    "self": 0.11481159999995683,
                                                    "children": {
                                                        "UnityEnvironment._generate_step_input": {
                                                            "total": 0.6007451999999676,
                                                            "count": 1202,
                                                            "is_parallel": true,
                                                            "self": 0.6007451999999676
                                                        },
                                                        "communicator.exchange": {
                                                            "total": 16.148454400000038,
                                                            "count": 1202,
                                                            "is_parallel": true,
                                                            "self": 16.148454400000038
                                                        },
                                                        "steps_from_proto": {
                                                            "total": 0.4191928000000269,
                                                            "count": 1202,
                                                            "is_parallel": true,
                                                            "self": 0.24062420000004714,
                                                            "children": {
                                                                "_process_rank_one_or_two_observation": {
                                                                    "total": 0.17856859999997976,
                                                                    "count": 2404,
                                                                    "is_parallel": true,
                                                                    "self": 0.17856859999997976
                                                                }
                                                            }
                                                        }
                                                    }
                                                }
                                            }
                                        }
                                    }
                                }
                            }
                        }
                    }
                },
                "trainer_threads": {
                    "total": 5.300000000119098e-05,
                    "count": 1,
                    "self": 5.300000000119098e-05,
                    "children": {
                        "thread_root": {
                            "total": 0.0,
                            "count": 0,
                            "is_parallel": true,
                            "self": 0.0,