{"count":1,"self":4.851312,"total":12.995303999999999,"children":{"InitializeActuators":{"count":1,"self":0.0020017999999999998,"total":0.0020017999999999998,"children":null},"InitializeSensors":{"count":1,"self":0.0010016,"total":0.0010016,"children":null},"AgentSendState":{"count":3284,"self":0.010995399999999999,"total":0.042763699999999995,"children":{"CollectObservations":{"count":657,"self":0.0010008999999999999,"total":0.0010008999999999999,"children":null},"WriteActionMask":{"count":657,"self":0.0029977999999999997,"total":0.0029977999999999997,"children":null},"RequestDecision":{"count":657,"self":0.013760699999999999,"total":0.0277696,"children":{"AgentInfo.ToProto":{"count":657,"self":0.0039971,"total":0.0140089,"children":{"GenerateSensorData":{"count":657,"self":0.0100118,"total":0.0100118,"children":null}}}}}}},"DecideAction":{"count":3284,"self":6.7276783999999994,"total":6.7276785,"children":null},"AgentAct":{"count":3284,"self":1.369537,"total":1.369537,"children":null}},"gauges":{},"metadata":{"timer_format_version":"0.1.0","start_time_seconds":"1620210915","unity_version":"2020.3.3f1","command_line_arguments":"C:\\Users\\tmoos\\Documents\\Unity\\2020.3.3f1\\Editor\\Unity.exe -projectpath C:\/Users\/tmoos\/Development\/GitHub\/Subs -useHub -hubIPC -cloudEnvironment production -hubSessionId 86bb66e0-ad8b-11eb-81d5-677fc88c8114 -accessToken HpVWGcADcvu-axVPINnQwO0SupS8f7UymARpVWnbYNc008f","communication_protocol_version":"1.5.0","com.unity.ml-agents_version":"1.9.0-preview","scene_name":"","end_time_seconds":"1620210928"}}