{"count":1,"self":78.5441024,"total":121.1337549,"children":{"InitializeActuators":{"count":9,"self":0.0020001999999999997,"total":0.0020001999999999997,"children":null},"InitializeSensors":{"count":9,"self":0.0020008,"total":0.0020008,"children":null},"AgentSendState":{"count":13446,"self":0.1394853,"total":0.47921739999999996,"children":{"CollectObservations":{"count":24210,"self":0.053879899999999994,"total":0.053879899999999994,"children":null},"WriteActionMask":{"count":24210,"self":0.0299209,"total":0.0299209,"children":null},"RequestDecision":{"count":24210,"self":0.0809771,"total":0.2559313,"children":{"AgentInfo.ToProto":{"count":24210,"self":0.0579996,"total":0.1749542,"children":{"GenerateSensorData":{"count":24210,"self":0.11695459999999999,"total":0.11695459999999999,"children":null}}}}}}},"DecideAction":{"count":13446,"self":41.8787776,"total":41.8787774,"children":null},"AgentAct":{"count":13446,"self":0.22165289999999999,"total":0.22165289999999999,"children":null},"AgentInfo.ToProto":{"count":340,"self":0.0030007999999999996,"total":0.0060021,"children":{"GenerateSensorData":{"count":340,"self":0.0030012999999999997,"total":0.0030012999999999997,"children":null}}}},"gauges":{"My Behavior.CumulativeReward":{"count":340,"max":1,"min":-1,"runningAverage":-0.941176355,"value":-1,"weightedAverage":-0.9999881}},"metadata":{"timer_format_version":"0.1.0","start_time_seconds":"1620645569","unity_version":"2020.3.3f1","command_line_arguments":"C:\\Users\\tmoos\\Documents\\Unity\\2020.3.3f1\\Editor\\Unity.exe -projectpath C:\/Users\/tmoos\/Development\/GitHub\/Subs -useHub -hubIPC -cloudEnvironment production -hubSessionId 46b6e9c0-b173-11eb-b6d5-e1fecef270cf -accessToken 6hpMI_Uo9s-lcC0WtMeOu2Sgjlaz-keiRt2vDIciRcs008f","communication_protocol_version":"1.5.0","com.unity.ml-agents_version":"1.9.1-preview","scene_name":"Main","end_time_seconds":"1620645691"}}