{"count":1,"self":1061.8121216,"total":4300.1544586,"children":{"InitializeActuators":{"count":9,"self":0.0010007,"total":0.0010007,"children":null},"InitializeSensors":{"count":9,"self":0.0010000999999999999,"total":0.0010000999999999999,"children":null},"AgentSendState":{"count":331713,"self":3.9934163999999996,"total":12.5594468,"children":{"CollectObservations":{"count":597087,"self":1.9404071999999999,"total":1.9404073,"children":null},"WriteActionMask":{"count":597087,"self":0.62654539999999992,"total":0.62654539999999992,"children":null},"RequestDecision":{"count":597087,"self":1.9777091999999998,"total":5.9990776,"children":{"AgentInfo.ToProto":{"count":597087,"self":1.5556136999999999,"total":4.0213683,"children":{"GenerateSensorData":{"count":597087,"self":2.4657546,"total":2.4657546,"children":null}}}}}}},"DecideAction":{"count":331713,"self":3211.9422976,"total":3211.9423709,"children":null},"AgentAct":{"count":331713,"self":13.796571199999999,"total":13.8285577,"children":{"AgentInfo.ToProto":{"count":1305,"self":0.010989599999999999,"total":0.0319859,"children":{"GenerateSensorData":{"count":1305,"self":0.0209963,"total":0.0209963,"children":null}}}}},"AgentInfo.ToProto":{"count":362,"self":0.0039992,"total":0.0079982,"children":{"GenerateSensorData":{"count":362,"self":0.003999,"total":0.003999,"children":null}}}},"gauges":{"ChaserAgent.CumulativeReward":{"count":1667,"max":1,"min":-105.23201,"runningAverage":-39.9928474,"value":-21.17997,"weightedAverage":-13.5270443}},"metadata":{"timer_format_version":"0.1.0","start_time_seconds":"1621329663","unity_version":"2020.3.3f1","command_line_arguments":"C:\\Users\\tmoos\\Documents\\Unity\\2020.3.3f1\\Editor\\Unity.exe -projectpath C:\/Users\/tmoos\/Development\/GitHub\/Subs -useHub -hubIPC -cloudEnvironment production -hubSessionId e1e34270-b7ab-11eb-9a78-93c22937d991 -accessToken S0WbVvjKSDjf3zwttD1yW1SF7HgDnrfhR7dKW9V57g8008f","communication_protocol_version":"1.5.0","com.unity.ml-agents_version":"1.9.1-preview","scene_name":"Training","end_time_seconds":"1621333962"}}