{"count":1,"self":263.313792,"total":555.2460222,"children":{"InitializeActuators":{"count":25,"self":0.0010023999999999999,"total":0.0010023999999999999,"children":null},"InitializeSensors":{"count":25,"self":0.0010000999999999999,"total":0.0010000999999999999,"children":null},"AgentSendState":{"count":103567,"self":1.1363975,"total":3.5301009999999997,"children":{"CollectObservations":{"count":175770,"self":0.52945409999999993,"total":0.52945409999999993,"children":null},"WriteActionMask":{"count":175770,"self":0.1597335,"total":0.1597335,"children":null},"RequestDecision":{"count":175770,"self":0.53875679999999992,"total":1.7045158999999999,"children":{"AgentInfo.ToProto":{"count":175770,"self":0.4930999,"total":1.1657591,"children":{"GenerateSensorData":{"count":175770,"self":0.6726592,"total":0.6726592,"children":null}}}}}}},"DecideAction":{"count":103567,"self":284.6189056,"total":284.618895,"children":null},"AgentAct":{"count":103567,"self":3.7712388,"total":3.7762350999999996,"children":{"AgentInfo.ToProto":{"count":326,"self":0.0010003,"total":0.0049962999999999995,"children":{"GenerateSensorData":{"count":326,"self":0.0039959999999999996,"total":0.0039959999999999996,"children":null}}}}},"AgentInfo.ToProto":{"count":208,"self":0.002998,"total":0.0039987999999999994,"children":{"GenerateSensorData":{"count":208,"self":0.0010008,"total":0.0010008,"children":null}}}},"gauges":{"Chaser.CumulativeReward":{"count":518,"max":1,"min":-117.632996,"runningAverage":-49.2791443,"value":-79.7102356,"weightedAverage":-36.9407539}},"metadata":{"timer_format_version":"0.1.0","start_time_seconds":"1621293186","unity_version":"2020.3.3f1","command_line_arguments":"C:\\Users\\tmoos\\Documents\\Unity\\2020.3.3f1\\Editor\\Unity.exe -projectpath C:\/Users\/tmoos\/Development\/GitHub\/Subs -useHub -hubIPC -cloudEnvironment production -hubSessionId 07b92950-b73f-11eb-a7c9-b3985d282730 -accessToken nqVA7KYa3MAXeW6UOJ9aiAZ-0kyMUN6L8KHGXkAzcOI008f","communication_protocol_version":"1.5.0","com.unity.ml-agents_version":"1.9.1-preview","scene_name":"Training","end_time_seconds":"1621293741"}}