{
    "name": "root",
    "metadata": {
        "timer_format_version": "0.1.0",
        "start_time_seconds": "1620503024",
        "python_version": "3.9.2 (tags/v3.9.2:1a79785, Feb 19 2021, 13:44:55) [MSC v.1928 64 bit (AMD64)]",
        "command_line_arguments": "C:\\Users\\tmoos\\AppData\\Local\\Programs\\Python\\Python39\\Scripts\\mlagents-learn --run-id=testybearing --resume",
        "mlagents_version": "0.25.0",
        "mlagents_envs_version": "0.25.0",
        "communication_protocol_version": "1.5.0",
        "pytorch_version": "1.7.1+cu110",
        "numpy_version": "1.20.1",
        "end_time_seconds": "1620503029"
    },
    "total": 4.396168,
    "count": 1,
    "self": 0.005102800000000407,
    "children": {
        "run_training.setup": {
            "total": 0.037897200000000075,
            "count": 1,
            "self": 0.037897200000000075
        },
        "TrainerController.start_learning": {
            "total": 4.353168,
            "count": 1,
            "self": 0.007489099999999915,
            "children": {
                "TrainerController._reset_env": {
                    "total": 3.8658473000000004,
                    "count": 1,
                    "self": 3.8658473000000004
                },
                "trainer_threads": {
                    "total": 1.979999999957016e-05,
                    "count": 1,
                    "self": 1.979999999957016e-05,
                    "children": {
                        "thread_root": {
                            "total": 0.0,
                            "count": 0,
                            "is_parallel": true,
                            "self": 0.0,
                            "children": {
                                "trainer_advance": {
                                    "total": 0.0074008999999994884,
                                    "count": 1,
                                    "is_parallel": true,
                                    "self": 4.939999999908906e-05,
                                    "children": {
                                        "process_trajectory": {
                                            "total": 0.007351500000000399,
                                            "count": 1,
                                            "is_parallel": true,
                                            "self": 0.007351500000000399
                                        }
                                    }
                                }
                            }
                        }
                    }
                },
                "TrainerController._save_models": {
                    "total": 0.47981180000000023,
                    "count": 1,
                    "self": 0.0010801000000002503,
                    "children": {
                        "RLTrainer._checkpoint": {
                            "total": 0.4787317,
                            "count": 1,
                            "self": 0.4787317
                        }
                    }
                }
            }
        }
    }
}