{
    "name": "root",
    "gauges": {
        "Chaser.Policy.Entropy.mean": {
            "value": 5.560719013214111,
            "min": 5.560719013214111,
            "max": 5.877944469451904,
            "count": 5
        },
        "Chaser.Policy.Entropy.sum": {
            "value": 277908.0625,
            "min": 277908.0625,
            "max": 295878.09375,
            "count": 5
        },
        "Chaser.Policy.ExtrinsicValueEstimate.mean": {
            "value": -25.397565841674805,
            "min": -25.397565841674805,
            "max": -4.914824485778809,
            "count": 5
        },
        "Chaser.Policy.ExtrinsicValueEstimate.sum": {
            "value": -22400.65234375,
            "min": -22400.65234375,
            "max": -4089.1337890625,
            "count": 5
        },
        "Chaser.Environment.EpisodeLength.mean": {
            "value": 207.48760330578511,
            "min": 207.48760330578511,
            "max": 291.1796407185629,
            "count": 5
        },
        "Chaser.Environment.EpisodeLength.sum": {
            "value": 50212.0,
            "min": 48627.0,
            "max": 50212.0,
            "count": 5
        },
        "Chaser.Environment.CumulativeReward.mean": {
            "value": -67.80722810832923,
            "min": -100.07095343195749,
            "max": -67.80722810832923,
            "count": 5
        },
        "Chaser.Environment.CumulativeReward.sum": {
            "value": -16409.34920221567,
            "min": -16928.799204945564,
            "max": -16394.249196708202,
            "count": 5
        },
        "Chaser.Policy.ExtrinsicReward.mean": {
            "value": -67.80722810832923,
            "min": -100.07095343195749,
            "max": -67.80722810832923,
            "count": 5
        },
        "Chaser.Policy.ExtrinsicReward.sum": {
            "value": -16409.34920221567,
            "min": -16928.799204945564,
            "max": -16394.249196708202,
            "count": 5
        },
        "Chaser.Losses.PolicyLoss.mean": {
            "value": 0.025159530276432633,
            "min": 0.023933672322891654,
            "max": 0.027204432934522627,
            "count": 5
        },
        "Chaser.Losses.PolicyLoss.sum": {
            "value": 0.12579765138216317,
            "min": 0.09573468929156662,
            "max": 0.13602216467261313,
            "count": 5
        },
        "Chaser.Losses.ValueLoss.mean": {
            "value": 11.848511581420897,
            "min": 4.6605161158243815,
            "max": 11.848511581420897,
            "count": 5
        },
        "Chaser.Losses.ValueLoss.sum": {
            "value": 59.24255790710449,
            "min": 23.30258057912191,
            "max": 59.24255790710449,
            "count": 5
        },
        "Chaser.Policy.LearningRate.mean": {
            "value": 0.00016430452523184,
            "min": 0.00016430452523184,
            "max": 0.00028451565516145,
            "count": 5
        },
        "Chaser.Policy.LearningRate.sum": {
            "value": 0.0008215226261592,
            "min": 0.0008215226261592,
            "max": 0.0012838644720451998,
            "count": 5
        },
        "Chaser.Policy.Epsilon.mean": {
            "value": 0.15476816,
            "min": 0.15476816,
            "max": 0.19483855000000003,
            "count": 5
        },
        "Chaser.Policy.Epsilon.sum": {
            "value": 0.7738408,
            "min": 0.7738408,
            "max": 0.9279548000000001,
            "count": 5
        },
        "Chaser.Policy.Beta.mean": {
            "value": 0.0027429311840000007,
            "min": 0.0027429311840000007,
            "max": 0.004742443645,
            "count": 5
        },
        "Chaser.Policy.Beta.sum": {
            "value": 0.013714655920000002,
            "min": 0.013714655920000002,
            "max": 0.021404944520000004,
            "count": 5
        },
        "Chaser.IsTraining.mean": {
            "value": 1.0,
            "min": 1.0,
            "max": 1.0,
            "count": 5
        },
        "Chaser.IsTraining.sum": {
            "value": 1.0,
            "min": 1.0,
            "max": 1.0,
            "count": 5
        }
    },
    "metadata": {
        "timer_format_version": "0.1.0",
        "start_time_seconds": "1621205398",
        "python_version": "3.9.2 (tags/v3.9.2:1a79785, Feb 19 2021, 13:44:55) [MSC v.1928 64 bit (AMD64)]",
        "command_line_arguments": "C:\\Users\\tmoos\\AppData\\Local\\Programs\\Python\\Python39\\Scripts\\mlagents-learn config/standardConfig.yaml --run-id=chaserAgent7",
        "mlagents_version": "0.25.0",
        "mlagents_envs_version": "0.25.0",
        "communication_protocol_version": "1.5.0",
        "pytorch_version": "1.7.1+cu110",
        "numpy_version": "1.20.1",
        "end_time_seconds": "1621206039"
    },
    "total": 640.733499,
    "count": 1,
    "self": 0.006901100000050064,
    "children": {
        "run_training.setup": {
            "total": 0.12166889999999997,
            "count": 1,
            "self": 0.12166889999999997
        },
        "TrainerController.start_learning": {
            "total": 640.604929,
            "count": 1,
            "self": 0.9068771000030438,
            "children": {
                "TrainerController._reset_env": {
                    "total": 10.8487691,
                    "count": 1,
                    "self": 10.8487691
                },
                "TrainerController.advance": {
                    "total": 628.699316099997,
                    "count": 28465,
                    "self": 0.38107640000157517,
                    "children": {
                        "env_step": {
                            "total": 628.3182396999954,
                            "count": 28465,
                            "self": 495.9179500999952,
                            "children": {
                                "SubprocessEnvManager._take_step": {
                                    "total": 131.98918299999602,
                                    "count": 28465,
                                    "self": 2.6575702999959674,
                                    "children": {
                                        "TorchPolicy.evaluate": {
                                            "total": 129.33161270000005,
                                            "count": 27812,
                                            "self": 51.98371249999444,
                                            "children": {
                                                "TorchPolicy.sample_actions": {
                                                    "total": 77.34790020000561,
                                                    "count": 27812,
                                                    "self": 77.34790020000561
                                                }
                                            }
                                        }
                                    }
                                },
                                "workers": {
                                    "total": 0.411106600004187,
                                    "count": 28464,
                                    "self": 0.0,
                                    "children": {
                                        "worker_root": {
                                            "total": 630.2948900000064,
                                            "count": 28464,
                                            "is_parallel": true,
                                            "self": 187.6256366000074,
                                            "children": {
                                                "steps_from_proto": {
                                                    "total": 0.0008549000000002138,
                                                    "count": 1,
                                                    "is_parallel": true,