{
    "name": "root",
    "metadata": {
        "timer_format_version": "0.1.0",
        "start_time_seconds": "1621078306",
        "python_version": "3.9.2 (tags/v3.9.2:1a79785, Feb 19 2021, 13:44:55) [MSC v.1928 64 bit (AMD64)]",
        "command_line_arguments": "C:\\Users\\tmoos\\AppData\\Local\\Programs\\Python\\Python39\\Scripts\\mlagents-learn --run-id=openagent --resume",
        "mlagents_version": "0.25.0",
        "mlagents_envs_version": "0.25.0",
        "communication_protocol_version": "1.5.0",
        "pytorch_version": "1.7.1+cu110",
        "numpy_version": "1.20.1",
        "end_time_seconds": "1621078354"
    },
    "total": 48.578953999999996,
    "count": 1,
    "self": 0.0044013999999990006,
    "children": {
        "run_training.setup": {
            "total": 0.05592620000000004,
            "count": 1,
            "self": 0.05592620000000004
        },
        "TrainerController.start_learning": {
            "total": 48.518626399999995,
            "count": 1,
            "self": 0.04973270000003538,
            "children": {
                "TrainerController._reset_env": {
                    "total": 12.259489,
                    "count": 1,
                    "self": 12.259489
                },
                "TrainerController.advance": {
                    "total": 36.10977069999996,
                    "count": 1033,
                    "self": 0.014294000000063534,
                    "children": {
                        "env_step": {
                            "total": 36.0954766999999,
                            "count": 1033,
                            "self": 32.41870589999978,
                            "children": {
                                "SubprocessEnvManager._take_step": {
                                    "total": 3.6629673000001866,
                                    "count": 1033,
                                    "self": 0.10372520000017715,
                                    "children": {
                                        "TorchPolicy.evaluate": {
                                            "total": 3.5592421000000094,
                                            "count": 1031,
                                            "self": 1.1892352999999893,
                                            "children": {
                                                "TorchPolicy.sample_actions": {
                                                    "total": 2.37000680000002,
                                                    "count": 1031,
                                                    "self": 2.37000680000002
                                                }
                                            }
                                        }
                                    }
                                },
                                "workers": {
                                    "total": 0.013803499999935909,
                                    "count": 1032,
                                    "self": 0.0,
                                    "children": {
                                        "worker_root": {
                                            "total": 37.6197622999999,
                                            "count": 1032,
                                            "is_parallel": true,
                                            "self": 6.804258100000013,
                                            "children": {
                                                "steps_from_proto": {
                                                    "total": 0.0004974999999998175,
                                                    "count": 1,
                                                    "is_parallel": true,
                                                    "self": 0.00024980000000063285,
                                                    "children": {
                                                        "_process_rank_one_or_two_observation": {
                                                            "total": 0.0002476999999991847,
                                                            "count": 2,
                                                            "is_parallel": true,
                                                            "self": 0.0002476999999991847
                                                        }
                                                    }
                                                },
                                                "UnityEnvironment.step": {
                                                    "total": 30.815006699999888,
                                                    "count": 1032,
                                                    "is_parallel": true,
                                                    "self": 0.10935589999987627,
                                                    "children": {
                                                        "UnityEnvironment._generate_step_input": {
                                                            "total": 0.5034763000000471,
                                                            "count": 1032,
                                                            "is_parallel": true,
                                                            "self": 0.5034763000000471
                                                        },
                                                        "communicator.exchange": {
                                                            "total": 29.815045099999985,
                                                            "count": 1032,
                                                            "is_parallel": true,
                                                            "self": 29.815045099999985
                                                        },
                                                        "steps_from_proto": {
                                                            "total": 0.3871293999999814,
                                                            "count": 1032,
                                                            "is_parallel": true,
                                                            "self": 0.22661109999996754,
                                                            "children": {
                                                                "_process_rank_one_or_two_observation": {
                                                                    "total": 0.16051830000001388,
                                                                    "count": 2064,
                                                                    "is_parallel": true,
                                                                    "self": 0.16051830000001388
                                                                }
                                                            }
                                                        }
                                                    }
                                                }
                                            }
                                        }
                                    }
                                }
                            }
                        }
                    }
                },
                "trainer_threads": {
                    "total": 2.5199999996061706e-05,
                    "count": 1,
                    "self": 2.5199999996061706e-05,
                    "children": {
                        "thread_root": {
                            "total": 0.0,
                            "count": 0,
                            "is_parallel": true,
                            "self": 0.0,