{
    "name": "root",
    "metadata": {
        "timer_format_version": "0.1.0",
        "start_time_seconds": "1620058849",
        "python_version": "3.9.2 (tags/v3.9.2:1a79785, Feb 19 2021, 13:44:55) [MSC v.1928 64 bit (AMD64)]",
        "command_line_arguments": "C:\\Users\\tmoos\\AppData\\Local\\Programs\\Python\\Python39\\Scripts\\mlagents-learn --run-id=test2",
        "mlagents_version": "0.25.0",
        "mlagents_envs_version": "0.25.0",
        "communication_protocol_version": "1.5.0",
        "pytorch_version": "1.7.1+cu110",
        "numpy_version": "1.20.1",
        "end_time_seconds": "1620058867"
    },
    "total": 17.7380958,
    "count": 1,
    "self": 0.006389699999999721,
    "children": {
        "run_training.setup": {
            "total": 0.05140739999999999,
            "count": 1,
            "self": 0.05140739999999999
        },
        "TrainerController.start_learning": {
            "total": 17.6802987,
            "count": 1,
            "self": 0.002844700000004252,
            "children": {
                "TrainerController._reset_env": {
                    "total": 12.0108046,
                    "count": 1,
                    "self": 12.0108046
                },
                "TrainerController.advance": {
                    "total": 5.584218499999999,
                    "count": 4,
                    "self": 5.1699999998433555e-05,
                    "children": {
                        "env_step": {
                            "total": 5.5841668,
                            "count": 4,
                            "self": 4.892338199999999,
                            "children": {
                                "SubprocessEnvManager._take_step": {
                                    "total": 0.6917914000000014,
                                    "count": 4,
                                    "self": 0.0003414000000034889,
                                    "children": {
                                        "TorchPolicy.evaluate": {
                                            "total": 0.6914499999999979,
                                            "count": 4,
                                            "self": 0.005573799999998741,
                                            "children": {
                                                "TorchPolicy.sample_actions": {
                                                    "total": 0.6858761999999992,
                                                    "count": 4,
                                                    "self": 0.6858761999999992
                                                }
                                            }
                                        }
                                    }
                                },
                                "workers": {
                                    "total": 3.71999999995154e-05,
                                    "count": 3,
                                    "self": 0.0,
                                    "children": {
                                        "worker_root": {
                                            "total": 2.489469400000001,
                                            "count": 3,
                                            "is_parallel": true,
                                            "self": 2.4419860000000018,
                                            "children": {
                                                "steps_from_proto": {
                                                    "total": 0.0004942999999997255,
                                                    "count": 1,
                                                    "is_parallel": true,
                                                    "self": 0.0002692999999993617,
                                                    "children": {
                                                        "_process_rank_one_or_two_observation": {
                                                            "total": 0.0002250000000003638,
                                                            "count": 2,
                                                            "is_parallel": true,
                                                            "self": 0.0002250000000003638
                                                        }
                                                    }
                                                },
                                                "UnityEnvironment.step": {
                                                    "total": 0.04698909999999934,
                                                    "count": 3,
                                                    "is_parallel": true,
                                                    "self": 0.0002129999999969101,
                                                    "children": {
                                                        "UnityEnvironment._generate_step_input": {
                                                            "total": 0.0006754000000004368,
                                                            "count": 3,
                                                            "is_parallel": true,
                                                            "self": 0.0006754000000004368
                                                        },
                                                        "communicator.exchange": {
                                                            "total": 0.04525459999999981,
                                                            "count": 3,
                                                            "is_parallel": true,
                                                            "self": 0.04525459999999981
                                                        },
                                                        "steps_from_proto": {
                                                            "total": 0.0008461000000021812,
                                                            "count": 3,
                                                            "is_parallel": true,
                                                            "self": 0.0004935000000010348,
                                                            "children": {
                                                                "_process_rank_one_or_two_observation": {
                                                                    "total": 0.00035260000000114644,
                                                                    "count": 6,
                                                                    "is_parallel": true,
                                                                    "self": 0.00035260000000114644
                                                                }
                                                            }
                                                        }
                                                    }
                                                }
                                            }
                                        }
                                    }
                                }
                            }
                        }
                    }
                },
                "trainer_threads": {
                    "total": 1.8199999999524152e-05,
                    "count": 1,
                    "self": 1.8199999999524152e-05,
                    "children": {
                        "thread_root": {
                            "total": 0.0,
                            "count": 0,
                            "is_parallel": true,
                            "self": 0.0,
                            "children": {
                                "trainer_advance": {
                                    "total": 5.5755388999999855,