{
    "name": "root",
    "metadata": {
        "timer_format_version": "0.1.0",
        "start_time_seconds": "1620641218",
        "python_version": "3.9.2 (tags/v3.9.2:1a79785, Feb 19 2021, 13:44:55) [MSC v.1928 64 bit (AMD64)]",
        "command_line_arguments": "C:\\Users\\tmoos\\AppData\\Local\\Programs\\Python\\Python39\\Scripts\\mlagents-learn --run-id=bearing2",
        "mlagents_version": "0.25.0",
        "mlagents_envs_version": "0.25.0",
        "communication_protocol_version": "1.5.0",
        "pytorch_version": "1.7.1+cu110",
        "numpy_version": "1.20.1",
        "end_time_seconds": "1620641382"
    },
    "total": 164.12448959999998,
    "count": 1,
    "self": 0.0051177999999652,
    "children": {
        "run_training.setup": {
            "total": 0.07365979999999994,
            "count": 1,
            "self": 0.07365979999999994
        },
        "TrainerController.start_learning": {
            "total": 164.045712,
            "count": 1,
            "self": 0.08867629999937776,
            "children": {
                "TrainerController._reset_env": {
                    "total": 6.156350199999999,
                    "count": 1,
                    "self": 6.156350199999999
                },
                "TrainerController.advance": {
                    "total": 157.67465120000065,
                    "count": 2289,
                    "self": 0.031895100000554066,
                    "children": {
                        "env_step": {
                            "total": 157.6427561000001,
                            "count": 2289,
                            "self": 147.93544980000084,
                            "children": {
                                "SubprocessEnvManager._take_step": {
                                    "total": 9.673640899999725,
                                    "count": 2289,
                                    "self": 0.20583269999966092,
                                    "children": {
                                        "TorchPolicy.evaluate": {
                                            "total": 9.467808200000064,
                                            "count": 2055,
                                            "self": 3.777350499999894,
                                            "children": {
                                                "TorchPolicy.sample_actions": {
                                                    "total": 5.69045770000017,
                                                    "count": 2055,
                                                    "self": 5.69045770000017
                                                }
                                            }
                                        }
                                    }
                                },
                                "workers": {
                                    "total": 0.033665399999526,
                                    "count": 2288,
                                    "self": 0.0,
                                    "children": {
                                        "worker_root": {
                                            "total": 159.41869219999933,
                                            "count": 2288,
                                            "is_parallel": true,
                                            "self": 15.419540099998983,
                                            "children": {
                                                "steps_from_proto": {
                                                    "total": 0.0005375000000000796,
                                                    "count": 1,
                                                    "is_parallel": true,
                                                    "self": 0.0003012999999993937,
                                                    "children": {
                                                        "_process_rank_one_or_two_observation": {
                                                            "total": 0.00023620000000068586,
                                                            "count": 2,
                                                            "is_parallel": true,
                                                            "self": 0.00023620000000068586
                                                        }
                                                    }
                                                },
                                                "UnityEnvironment.step": {
                                                    "total": 143.99861460000034,
                                                    "count": 2288,
                                                    "is_parallel": true,
                                                    "self": 0.24207220000099028,
                                                    "children": {
                                                        "UnityEnvironment._generate_step_input": {
                                                            "total": 1.1809225999995148,
                                                            "count": 2288,
                                                            "is_parallel": true,
                                                            "self": 1.1809225999995148
                                                        },
                                                        "communicator.exchange": {
                                                            "total": 141.70835329999994,
                                                            "count": 2288,
                                                            "is_parallel": true,
                                                            "self": 141.70835329999994
                                                        },
                                                        "steps_from_proto": {
                                                            "total": 0.8672664999998823,
                                                            "count": 2288,
                                                            "is_parallel": true,
                                                            "self": 0.511831700000573,
                                                            "children": {
                                                                "_process_rank_one_or_two_observation": {
                                                                    "total": 0.35543479999930927,
                                                                    "count": 4576,
                                                                    "is_parallel": true,
                                                                    "self": 0.35543479999930927
                                                                }
                                                            }
                                                        }
                                                    }
                                                }
                                            }
                                        }
                                    }
                                }
                            }
                        }
                    }
                },
                "trainer_threads": {
                    "total": 5.459999999857246e-05,
                    "count": 1,
                    "self": 5.459999999857246e-05,
                    "children": {
                        "thread_root": {
                            "total": 0.0,
                            "count": 0,
                            "is_parallel": true,
                            "self": 0.0,