{
    "name": "root",
    "metadata": {
        "timer_format_version": "0.1.0",
        "start_time_seconds": "1620470323",
        "python_version": "3.9.2 (tags/v3.9.2:1a79785, Feb 19 2021, 13:44:55) [MSC v.1928 64 bit (AMD64)]",
        "command_line_arguments": "C:\\Users\\tmoos\\AppData\\Local\\Programs\\Python\\Python39\\Scripts\\mlagents-learn --force --run-id=test1",
        "mlagents_version": "0.25.0",
        "mlagents_envs_version": "0.25.0",
        "communication_protocol_version": "1.5.0",
        "pytorch_version": "1.7.1+cu110",
        "numpy_version": "1.20.1",
        "end_time_seconds": "1620470364"
    },
    "total": 41.055735999999996,
    "count": 1,
    "self": 0.004534799999994732,
    "children": {
        "run_training.setup": {
            "total": 0.05439879999999997,
            "count": 1,
            "self": 0.05439879999999997
        },
        "TrainerController.start_learning": {
            "total": 40.9968024,
            "count": 1,
            "self": 0.07983079999987552,
            "children": {
                "TrainerController._reset_env": {
                    "total": 6.6095465,
                    "count": 1,
                    "self": 6.6095465
                },
                "TrainerController.advance": {
                    "total": 34.219170400000124,
                    "count": 2909,
                    "self": 0.03240050000020034,
                    "children": {
                        "env_step": {
                            "total": 34.18676989999992,
                            "count": 2909,
                            "self": 28.340364499999975,
                            "children": {
                                "SubprocessEnvManager._take_step": {
                                    "total": 5.811812499999808,
                                    "count": 2909,
                                    "self": 0.25022209999983325,
                                    "children": {
                                        "TorchPolicy.evaluate": {
                                            "total": 5.561590399999975,
                                            "count": 2847,
                                            "self": 2.041716199999885,
                                            "children": {
                                                "TorchPolicy.sample_actions": {
                                                    "total": 3.51987420000009,
                                                    "count": 2847,
                                                    "self": 3.51987420000009
                                                }
                                            }
                                        }
                                    }
                                },
                                "workers": {
                                    "total": 0.03459290000014015,
                                    "count": 2908,
                                    "self": 0.0,
                                    "children": {
                                        "worker_root": {
                                            "total": 35.686780099999964,
                                            "count": 2908,
                                            "is_parallel": true,
                                            "self": 10.579116399999783,
                                            "children": {
                                                "steps_from_proto": {
                                                    "total": 0.0003526999999996505,
                                                    "count": 1,
                                                    "is_parallel": true,
                                                    "self": 0.0001503000000004917,
                                                    "children": {
                                                        "_process_rank_one_or_two_observation": {
                                                            "total": 0.0002023999999991588,
                                                            "count": 2,
                                                            "is_parallel": true,
                                                            "self": 0.0002023999999991588
                                                        }
                                                    }
                                                },
                                                "UnityEnvironment.step": {
                                                    "total": 25.10731100000018,
                                                    "count": 2908,
                                                    "is_parallel": true,
                                                    "self": 0.21361780000014008,
                                                    "children": {
                                                        "UnityEnvironment._generate_step_input": {
                                                            "total": 0.5128968999999968,
                                                            "count": 2908,
                                                            "is_parallel": true,
                                                            "self": 0.5128968999999968
                                                        },
                                                        "communicator.exchange": {
                                                            "total": 23.74300510000004,
                                                            "count": 2908,
                                                            "is_parallel": true,
                                                            "self": 23.74300510000004
                                                        },
                                                        "steps_from_proto": {
                                                            "total": 0.6377912000000014,
                                                            "count": 2908,
                                                            "is_parallel": true,
                                                            "self": 0.29593479999970107,
                                                            "children": {
                                                                "_process_rank_one_or_two_observation": {
                                                                    "total": 0.3418564000003004,
                                                                    "count": 5816,
                                                                    "is_parallel": true,
                                                                    "self": 0.3418564000003004
                                                                }
                                                            }
                                                        }
                                                    }
                                                }
                                            }
                                        }
                                    }
                                }
                            }
                        }
                    }
                },
                "trainer_threads": {
                    "total": 2.4799999998492694e-05,
                    "count": 1,
                    "self": 2.4799999998492694e-05,
                    "children": {
                        "thread_root": {
                            "total": 0.0,
                            "count": 0,
                            "is_parallel": true,
                            "self": 0.0,
                            "children": {
                                "trainer_advance": {
                                    "total": 34.23400939999996,