{
    "name": "root",
    "gauges": {
        "ConvoyAgent.Policy.Entropy.mean": {
            "value": 1.4783446788787842,
            "min": 1.4376789331436157,
            "max": 2.187805652618408,
            "count": 3
        },
        "ConvoyAgent.Policy.Entropy.sum": {
            "value": 14783.447265625,
            "min": 14376.7890625,
            "max": 21878.056640625,
            "count": 3
        },
        "ConvoyAgent.Policy.ExtrinsicValueEstimate.mean": {
            "value": -0.013316591270267963,
            "min": -0.013316591270267963,
            "max": 0.005811693146824837,
            "count": 3
        },
        "ConvoyAgent.Policy.ExtrinsicValueEstimate.sum": {
            "value": -2.1306545734405518,
            "min": -2.1306545734405518,
            "max": 0.9240592122077942,
            "count": 3
        },
        "ConvoyAgent.Losses.PolicyLoss.mean": {
            "value": 0.25202872673909604,
            "min": 0.24335002582294266,
            "max": 0.25202872673909604,
            "count": 3
        },
        "ConvoyAgent.Losses.PolicyLoss.sum": {
            "value": 20.16229813912768,
            "min": 19.22465204001247,
            "max": 20.16229813912768,
            "count": 3
        },
        "ConvoyAgent.Losses.ValueLoss.mean": {
            "value": 0.0004090451967116506,
            "min": 1.675857871177255e-05,
            "max": 0.0004090451967116506,
            "count": 3
        },
        "ConvoyAgent.Losses.ValueLoss.sum": {
            "value": 0.03272361573693205,
            "min": 0.0013406862969418038,
            "max": 0.03272361573693205,
            "count": 3
        },
        "ConvoyAgent.Policy.LearningRate.mean": {
            "value": 0.00029376450207849994,
            "min": 0.00029376450207849994,
            "max": 0.00029874886117654007,
            "count": 3
        },
        "ConvoyAgent.Policy.LearningRate.sum": {
            "value": 0.023501160166279997,
            "min": 0.023501160166279997,
            "max": 0.023701160099613334,
            "count": 3
        },
        "ConvoyAgent.Policy.Epsilon.mean": {
            "value": 0.1979215,
            "min": 0.1979215,
            "max": 0.19958295358649789,
            "count": 3
        },
        "ConvoyAgent.Policy.Epsilon.sum": {
            "value": 15.83372,
            "min": 15.767053333333333,
            "max": 15.900386666666666,
            "count": 3
        },
        "ConvoyAgent.Policy.Beta.mean": {
            "value": 0.00048981535,
            "min": 0.00048981535,
            "max": 0.0004979564725738397,
            "count": 3
        },
        "ConvoyAgent.Policy.Beta.sum": {
            "value": 0.039185228,
            "min": 0.039185228,
            "max": 0.03951189466666666,
            "count": 3
        },
        "ConvoyAgent.Environment.EpisodeLength.mean": {
            "value": 499.0,
            "min": 499.0,
            "max": 499.0,
            "count": 3
        },
        "ConvoyAgent.Environment.EpisodeLength.sum": {
            "value": 9980.0,
            "min": 9980.0,
            "max": 9980.0,
            "count": 3
        },
        "ConvoyAgent.Environment.CumulativeReward.mean": {
            "value": 0.0,
            "min": 0.0,
            "max": 0.0,
            "count": 3
        },
        "ConvoyAgent.Environment.CumulativeReward.sum": {
            "value": 0.0,
            "min": 0.0,
            "max": 0.0,
            "count": 3
        },
        "ConvoyAgent.Policy.ExtrinsicReward.mean": {
            "value": 0.0,
            "min": 0.0,
            "max": 0.0,
            "count": 3
        },
        "ConvoyAgent.Policy.ExtrinsicReward.sum": {
            "value": 0.0,
            "min": 0.0,
            "max": 0.0,
            "count": 3
        },
        "ConvoyAgent.IsTraining.mean": {
            "value": 1.0,
            "min": 1.0,
            "max": 1.0,
            "count": 3
        },
        "ConvoyAgent.IsTraining.sum": {
            "value": 1.0,
            "min": 1.0,
            "max": 1.0,
            "count": 3
        }
    },
    "metadata": {
        "timer_format_version": "0.1.0",
        "start_time_seconds": "1621447153",
        "python_version": "3.9.2 (tags/v3.9.2:1a79785, Feb 19 2021, 13:44:55) [MSC v.1928 64 bit (AMD64)]",
        "command_line_arguments": "C:\\Users\\tmoos\\AppData\\Local\\Programs\\Python\\Python39\\Scripts\\mlagents-learn config/standardConfig.yaml --run-id=convoyAgentSingle1 --force",
        "mlagents_version": "0.25.0",
        "mlagents_envs_version": "0.25.0",
        "communication_protocol_version": "1.5.0",
        "pytorch_version": "1.7.1+cu110",
        "numpy_version": "1.20.1",
        "end_time_seconds": "1621447789"
    },
    "total": 636.3893178000001,
    "count": 1,
    "self": 0.007758200000125726,
    "children": {
        "run_training.setup": {
            "total": 0.11826399999999992,
            "count": 1,
            "self": 0.11826399999999992
        },
        "TrainerController.start_learning": {
            "total": 636.2632956,
            "count": 1,
            "self": 1.0852035000031037,
            "children": {
                "TrainerController._reset_env": {
                    "total": 7.2331292000000005,
                    "count": 1,
                    "self": 7.2331292000000005
                },
                "TrainerController.advance": {
                    "total": 627.8002437999968,
                    "count": 35028,
                    "self": 0.41369029999816576,
                    "children": {
                        "env_step": {
                            "total": 627.3865534999986,
                            "count": 35028,
                            "self": 488.08555670000464,
                            "children": {
                                "SubprocessEnvManager._take_step": {
                                    "total": 138.82757049999623,
                                    "count": 35028,
                                    "self": 3.200066799990992,
                                    "children": {
                                        "TorchPolicy.evaluate": {
                                            "total": 135.62750370000524,
                                            "count": 35028,
                                            "self": 37.12191670000644,
                                            "children": {
                                                "TorchPolicy.sample_actions": {
                                                    "total": 98.5055869999988,
                                                    "count": 35028,
                                                    "self": 98.5055869999988
                                                }
                                            }
                                        }
                                    }
                                },
                                "workers": {
                                    "total": 0.473426299997751,
                                    "count": 35027,
                                    "self": 0.0,
                                    "children": {
                                        "worker_root": {
                                            "total": 628.8961074999952,
                                            "count": 35027,
                                            "is_parallel": true,
                                            "self": 183.87185729998896,
                                            "children": {
                                                "steps_from_proto": {
                                                    "total": 0.00046479999999959887,
                                                    "count": 1,
                                                    "is_parallel": true,