{
    "name": "root",
    "gauges": {
        "ConvoyAgent.Policy.Entropy.mean": {
            "value": 2.5239360332489014,
            "min": 2.5239360332489014,
            "max": 2.5239360332489014,
            "count": 1
        },
        "ConvoyAgent.Policy.Entropy.sum": {
            "value": 25269.6484375,
            "min": 25269.6484375,
            "max": 25269.6484375,
            "count": 1
        },
        "ConvoyAgent.Policy.ExtrinsicValueEstimate.mean": {
            "value": -0.01007465273141861,
            "min": -0.01007465273141861,
            "max": -0.01007465273141861,
            "count": 1
        },
        "ConvoyAgent.Policy.ExtrinsicValueEstimate.sum": {
            "value": -1.601869821548462,
            "min": -1.601869821548462,
            "max": -1.601869821548462,
            "count": 1
        },
        "ConvoyAgent.Losses.PolicyLoss.mean": {
            "value": 0.2450556833362052,
            "min": 0.2450556833362052,
            "max": 0.2450556833362052,
            "count": 1
        },
        "ConvoyAgent.Losses.PolicyLoss.sum": {
            "value": 19.35939898356021,
            "min": 19.35939898356021,
            "max": 19.35939898356021,
            "count": 1
        },
        "ConvoyAgent.Losses.ValueLoss.mean": {
            "value": 0.00012342553652234297,
            "min": 0.00012342553652234297,
            "max": 0.00012342553652234297,
            "count": 1
        },
        "ConvoyAgent.Losses.ValueLoss.sum": {
            "value": 0.009750617385265095,
            "min": 0.009750617385265095,
            "max": 0.009750617385265095,
            "count": 1
        },
        "ConvoyAgent.Policy.LearningRate.mean": {
            "value": 0.0002987484434551603,
            "min": 0.0002987484434551603,
            "max": 0.0002987484434551603,
            "count": 1
        },
        "ConvoyAgent.Policy.LearningRate.sum": {
            "value": 0.023601127032957664,
            "min": 0.023601127032957664,
            "max": 0.023601127032957664,
            "count": 1
        },
        "ConvoyAgent.Policy.Epsilon.mean": {
            "value": 0.1995828143459916,
            "min": 0.1995828143459916,
            "max": 0.1995828143459916,
            "count": 1
        },
        "ConvoyAgent.Policy.Epsilon.sum": {
            "value": 15.767042333333336,
            "min": 15.767042333333336,
            "max": 15.767042333333336,
            "count": 1
        },
        "ConvoyAgent.Policy.Beta.mean": {
            "value": 0.0004979557902953586,
            "min": 0.0004979557902953586,
            "max": 0.0004979557902953586,
            "count": 1
        },
        "ConvoyAgent.Policy.Beta.sum": {
            "value": 0.03933850743333333,
            "min": 0.03933850743333333,
            "max": 0.03933850743333333,
            "count": 1
        },
        "ConvoyAgent.Environment.EpisodeLength.mean": {
            "value": 496.35,
            "min": 496.35,
            "max": 496.35,
            "count": 1
        },
        "ConvoyAgent.Environment.EpisodeLength.sum": {
            "value": 9927.0,
            "min": 9927.0,
            "max": 9927.0,
            "count": 1
        },
        "ConvoyAgent.Environment.CumulativeReward.mean": {
            "value": 0.0,
            "min": 0.0,
            "max": 0.0,
            "count": 1
        },
        "ConvoyAgent.Environment.CumulativeReward.sum": {
            "value": 0.0,
            "min": 0.0,
            "max": 0.0,
            "count": 1
        },
        "ConvoyAgent.Policy.ExtrinsicReward.mean": {
            "value": 0.0,
            "min": 0.0,
            "max": 0.0,
            "count": 1
        },
        "ConvoyAgent.Policy.ExtrinsicReward.sum": {
            "value": 0.0,
            "min": 0.0,
            "max": 0.0,
            "count": 1
        },
        "ConvoyAgent.IsTraining.mean": {
            "value": 1.0,
            "min": 1.0,
            "max": 1.0,
            "count": 1
        },
        "ConvoyAgent.IsTraining.sum": {
            "value": 1.0,
            "min": 1.0,
            "max": 1.0,
            "count": 1
        }
    },
    "metadata": {
        "timer_format_version": "0.1.0",
        "start_time_seconds": "1621446862",
        "python_version": "3.9.2 (tags/v3.9.2:1a79785, Feb 19 2021, 13:44:55) [MSC v.1928 64 bit (AMD64)]",
        "command_line_arguments": "C:\\Users\\tmoos\\AppData\\Local\\Programs\\Python\\Python39\\Scripts\\mlagents-learn config/standardConfig.yaml --run-id=convoyAgentSingle1 --force",
        "mlagents_version": "0.25.0",
        "mlagents_envs_version": "0.25.0",
        "communication_protocol_version": "1.5.0",
        "pytorch_version": "1.7.1+cu110",
        "numpy_version": "1.20.1",
        "end_time_seconds": "1621447120"
    },
    "total": 258.1030339,
    "count": 1,
    "self": 0.005984800000021551,
    "children": {
        "run_training.setup": {
            "total": 0.1218226,
            "count": 1,
            "self": 0.1218226
        },
        "TrainerController.start_learning": {
            "total": 257.9752265,
            "count": 1,
            "self": 0.44656599999922264,
            "children": {
                "TrainerController._reset_env": {
                    "total": 6.0847865,
                    "count": 1,
                    "self": 6.0847865
                },
                "TrainerController.advance": {
                    "total": 251.33044610000076,
                    "count": 15505,
                    "self": 0.18240200000025197,
                    "children": {
                        "env_step": {
                            "total": 251.1480441000005,
                            "count": 15505,
                            "self": 190.20046519999835,
                            "children": {
                                "SubprocessEnvManager._take_step": {
                                    "total": 60.747101400002045,
                                    "count": 15505,
                                    "self": 1.3883083000016256,
                                    "children": {
                                        "TorchPolicy.evaluate": {
                                            "total": 59.35879310000042,
                                            "count": 15505,
                                            "self": 16.25326839999915,
                                            "children": {
                                                "TorchPolicy.sample_actions": {
                                                    "total": 43.10552470000127,
                                                    "count": 15505,
                                                    "self": 43.10552470000127
                                                }
                                            }
                                        }
                                    }
                                },
                                "workers": {
                                    "total": 0.20047750000012954,
                                    "count": 15504,
                                    "self": 0.0,
                                    "children": {
                                        "worker_root": {
                                            "total": 252.63243599999944,
                                            "count": 15504,
                                            "is_parallel": true,
                                            "self": 81.21842699999678,
                                            "children": {
                                                "steps_from_proto": {
                                                    "total": 0.0004060999999992987,
                                                    "count": 1,
                                                    "is_parallel": true,