{
    "name": "root",
    "metadata": {
        "timer_format_version": "0.1.0",
        "start_time_seconds": "1621447822",
        "python_version": "3.9.2 (tags/v3.9.2:1a79785, Feb 19 2021, 13:44:55) [MSC v.1928 64 bit (AMD64)]",
        "command_line_arguments": "C:\\Users\\tmoos\\AppData\\Local\\Programs\\Python\\Python39\\Scripts\\mlagents-learn config/standardConfig.yaml --run-id=convoyAgentSingle1 --force",
        "mlagents_version": "0.25.0",
        "mlagents_envs_version": "0.25.0",
        "communication_protocol_version": "1.5.0",
        "pytorch_version": "1.7.1+cu110",
        "numpy_version": "1.20.1",
        "end_time_seconds": "1621447841"
    },
    "total": 19.263406,
    "count": 1,
    "self": 0.008093999999999824,
    "children": {
        "run_training.setup": {
            "total": 0.11174299999999993,
            "count": 1,
            "self": 0.11174299999999993
        },
        "TrainerController.start_learning": {
            "total": 19.143569,
            "count": 1,
            "self": 0.013583999999998042,
            "children": {
                "TrainerController._reset_env": {
                    "total": 10.325015,
                    "count": 1,
                    "self": 10.325015
                },
                "TrainerController.advance": {
                    "total": 8.706883699999999,
                    "count": 69,
                    "self": 0.0008171000000043449,
                    "children": {
                        "env_step": {
                            "total": 8.706066599999994,
                            "count": 69,
                            "self": 7.872807100000008,
                            "children": {
                                "SubprocessEnvManager._take_step": {
                                    "total": 0.8325009999999899,
                                    "count": 69,
                                    "self": 0.0061068999999776,
                                    "children": {
                                        "TorchPolicy.evaluate": {
                                            "total": 0.8263941000000123,
                                            "count": 69,
                                            "self": 0.07332330000000375,
                                            "children": {
                                                "TorchPolicy.sample_actions": {
                                                    "total": 0.7530708000000086,
                                                    "count": 69,
                                                    "self": 0.7530708000000086
                                                }
                                            }
                                        }
                                    }
                                },
                                "workers": {
                                    "total": 0.0007584999999963316,
                                    "count": 68,
                                    "self": 0.0,
                                    "children": {
                                        "worker_root": {
                                            "total": 10.096256299999997,
                                            "count": 68,
                                            "is_parallel": true,
                                            "self": 2.412259399999993,
                                            "children": {
                                                "steps_from_proto": {
                                                    "total": 0.0004833999999984684,
                                                    "count": 1,
                                                    "is_parallel": true,
                                                    "self": 0.00029799999999902127,
                                                    "children": {
                                                        "_process_rank_one_or_two_observation": {
                                                            "total": 0.00018539999999944712,
                                                            "count": 2,
                                                            "is_parallel": true,
                                                            "self": 0.00018539999999944712
                                                        }
                                                    }
                                                },
                                                "UnityEnvironment.step": {
                                                    "total": 7.683513500000005,
                                                    "count": 68,
                                                    "is_parallel": true,
                                                    "self": 0.005032100000001094,
                                                    "children": {
                                                        "UnityEnvironment._generate_step_input": {
                                                            "total": 0.013763199999999642,
                                                            "count": 68,
                                                            "is_parallel": true,
                                                            "self": 0.013763199999999642
                                                        },
                                                        "communicator.exchange": {
                                                            "total": 7.644094900000004,
                                                            "count": 68,
                                                            "is_parallel": true,
                                                            "self": 7.644094900000004
                                                        },
                                                        "steps_from_proto": {
                                                            "total": 0.020623300000000455,
                                                            "count": 68,
                                                            "is_parallel": true,
                                                            "self": 0.012399300000000224,
                                                            "children": {
                                                                "_process_rank_one_or_two_observation": {
                                                                    "total": 0.008224000000000231,
                                                                    "count": 136,
                                                                    "is_parallel": true,
                                                                    "self": 0.008224000000000231
                                                                }
                                                            }
                                                        }
                                                    }
                                                }
                                            }
                                        }
                                    }
                                }
                            }
                        }
                    }
                },
                "trainer_threads": {
                    "total": 2.9100000002557636e-05,
                    "count": 1,
                    "self": 2.9100000002557636e-05,
                    "children": {
                        "thread_root": {
                            "total": 0.0,
                            "count": 0,
                            "is_parallel": true,
                            "self": 0.0,