{
    "name": "root",
    "gauges": {
        "ChaserAgent.Policy.Entropy.mean": {
            "value": 0.9632580280303955,
            "min": 0.5712952017784119,
            "max": 1.9567272663116455,
            "count": 70
        },
        "ChaserAgent.Policy.Entropy.sum": {
            "value": 8756.015625,
            "min": 5516.6435546875,
            "max": 20886.107421875,
            "count": 70
        },
        "ChaserAgent.Policy.ExtrinsicValueEstimate.mean": {
            "value": -3.7303318977355957,
            "min": -4.638647079467773,
            "max": 8.964329719543457,
            "count": 70
        },
        "ChaserAgent.Policy.ExtrinsicValueEstimate.sum": {
            "value": -649.0777587890625,
            "min": -816.40185546875,
            "max": 1523.93603515625,
            "count": 70
        },
        "ChaserAgent.Environment.EpisodeLength.mean": {
            "value": 386.4166666666667,
            "min": 357.42857142857144,
            "max": 399.0,
            "count": 70
        },
        "ChaserAgent.Environment.EpisodeLength.sum": {
            "value": 9274.0,
            "min": 7362.0,
            "max": 10880.0,
            "count": 70
        },
        "ChaserAgent.Losses.PolicyLoss.mean": {
            "value": 0.2462045025910149,
            "min": 0.24165256450337155,
            "max": 0.2609979643594713,
            "count": 70
        },
        "ChaserAgent.Losses.PolicyLoss.sum": {
            "value": 1.9696360207281192,
            "min": 1.939692570319517,
            "max": 2.348981679235242,
            "count": 70
        },
        "ChaserAgent.Losses.ValueLoss.mean": {
            "value": 0.031873298198637094,
            "min": 0.012604662738959941,
            "max": 3.6774422204629706,
            "count": 70
        },
        "ChaserAgent.Losses.ValueLoss.sum": {
            "value": 0.25498638558909675,
            "min": 0.10083730191167953,
            "max": 33.09697998416674,
            "count": 70
        },
        "ChaserAgent.Policy.LearningRate.mean": {
            "value": 0.00012621893292704165,
            "min": 0.00012621893292704165,
            "max": 0.00029882208372597225,
            "count": 70
        },
        "ChaserAgent.Policy.LearningRate.sum": {
            "value": 0.0010097514634163332,
            "min": 0.0010097514634163332,
            "max": 0.00268939875353375,
            "count": 70
        },
        "ChaserAgent.Policy.Epsilon.mean": {
            "value": 0.14207295833333333,
            "min": 0.14207295833333333,
            "max": 0.19960736111111116,
            "count": 70
        },
        "ChaserAgent.Policy.Epsilon.sum": {
            "value": 1.1365836666666667,
            "min": 1.1365836666666667,
            "max": 1.7964662500000004,
            "count": 70
        },
        "ChaserAgent.Policy.Beta.mean": {
            "value": 0.00021615749583333332,
            "min": 0.00021615749583333332,
            "max": 0.0004980760694444445,
            "count": 70
        },
        "ChaserAgent.Policy.Beta.sum": {
            "value": 0.0017292599666666666,
            "min": 0.0017292599666666666,
            "max": 0.004482684625,
            "count": 70
        },
        "ChaserAgent.Environment.CumulativeReward.mean": {
            "value": -14.763749125103155,
            "min": -17.542915623635054,
            "max": -10.623999369641146,
            "count": 70
        },
        "ChaserAgent.Environment.CumulativeReward.sum": {
            "value": -354.32997900247574,
            "min": -472.6699719429016,
            "max": -265.16998427920043,
            "count": 70
        },
        "ChaserAgent.Policy.ExtrinsicReward.mean": {
            "value": -14.763749125103155,
            "min": -17.542915623635054,
            "max": -10.623999369641146,
            "count": 70
        },
        "ChaserAgent.Policy.ExtrinsicReward.sum": {
            "value": -354.32997900247574,
            "min": -472.6699719429016,
            "max": -265.16998427920043,
            "count": 70
        },
        "ChaserAgent.IsTraining.mean": {
            "value": 1.0,
            "min": 1.0,
            "max": 1.0,
            "count": 70
        },
        "ChaserAgent.IsTraining.sum": {
            "value": 1.0,
            "min": 1.0,
            "max": 1.0,
            "count": 70
        }
    },
    "metadata": {
        "timer_format_version": "0.1.0",
        "start_time_seconds": "1621367831",
        "python_version": "3.9.2 (tags/v3.9.2:1a79785, Feb 19 2021, 13:44:55) [MSC v.1928 64 bit (AMD64)]",
        "command_line_arguments": "C:\\Users\\tmoos\\AppData\\Local\\Programs\\Python\\Python39\\Scripts\\mlagents-learn config/standardConfig.yaml --run-id=chaserBaseObserveMax",
        "mlagents_version": "0.25.0",
        "mlagents_envs_version": "0.25.0",
        "communication_protocol_version": "1.5.0",
        "pytorch_version": "1.7.1+cu110",
        "numpy_version": "1.20.1",
        "end_time_seconds": "1621371192"
    },
    "total": 3361.4525874,
    "count": 1,
    "self": 0.006323500000235072,
    "children": {
        "run_training.setup": {
            "total": 0.12789450000000002,
            "count": 1,
            "self": 0.12789450000000002
        },
        "TrainerController.start_learning": {
            "total": 3361.3183694,
            "count": 1,
            "self": 3.683735100042668,
            "children": {
                "TrainerController._reset_env": {
                    "total": 5.6362552,
                    "count": 1,
                    "self": 5.6362552
                },
                "TrainerController.advance": {
                    "total": 3351.9142986999577,
                    "count": 79297,
                    "self": 1.1472023000105764,
                    "children": {
                        "env_step": {
                            "total": 3350.767096399947,
                            "count": 79297,
                            "self": 2893.9762944999034,
                            "children": {
                                "SubprocessEnvManager._take_step": {
                                    "total": 455.5761203000337,
                                    "count": 79297,
                                    "self": 8.292115700012005,
                                    "children": {
                                        "TorchPolicy.evaluate": {
                                            "total": 447.2840046000217,
                                            "count": 77952,
                                            "self": 108.8550684000187,
                                            "children": {
                                                "TorchPolicy.sample_actions": {
                                                    "total": 338.428936200003,
                                                    "count": 77952,
                                                    "self": 338.428936200003
                                                }
                                            }
                                        }
                                    }
                                },
                                "workers": {
                                    "total": 1.2146816000101879,
                                    "count": 79296,
                                    "self": 0.0,
                                    "children": {
                                        "worker_root": {
                                            "total": 3352.8127643000144,
                                            "count": 79296,
                                            "is_parallel": true,
                                            "self": 1840.4915063000117,