{
    "name": "root",
    "metadata": {
        "timer_format_version": "0.1.0",
        "start_time_seconds": "1620475479",
        "python_version": "3.9.2 (tags/v3.9.2:1a79785, Feb 19 2021, 13:44:55) [MSC v.1928 64 bit (AMD64)]",
        "command_line_arguments": "C:\\Users\\tmoos\\AppData\\Local\\Programs\\Python\\Python39\\Scripts\\mlagents-learn --run-id=tiny9 --resume",
        "mlagents_version": "0.25.0",
        "mlagents_envs_version": "0.25.0",
        "communication_protocol_version": "1.5.0",
        "pytorch_version": "1.7.1+cu110",
        "numpy_version": "1.20.1",
        "end_time_seconds": "1620475487"
    },
    "total": 7.8607309999999995,
    "count": 1,
    "self": 0.003040600000000282,
    "children": {
        "run_training.setup": {
            "total": 0.03733339999999996,
            "count": 1,
            "self": 0.03733339999999996
        },
        "TrainerController.start_learning": {
            "total": 7.820357,
            "count": 1,
            "self": 0.020031799999992828,
            "children": {
                "TrainerController._reset_env": {
                    "total": 4.5130869,
                    "count": 1,
                    "self": 4.5130869
                },
                "TrainerController.advance": {
                    "total": 3.219402400000006,
                    "count": 253,
                    "self": 0.0022590999999998473,
                    "children": {
                        "env_step": {
                            "total": 3.2171433000000063,
                            "count": 253,
                            "self": 2.427957099999996,
                            "children": {
                                "SubprocessEnvManager._take_step": {
                                    "total": 0.7868656000000014,
                                    "count": 253,
                                    "self": 0.017070400000005037,
                                    "children": {
                                        "TorchPolicy.evaluate": {
                                            "total": 0.7697951999999963,
                                            "count": 241,
                                            "self": 0.16144689999999162,
                                            "children": {
                                                "TorchPolicy.sample_actions": {
                                                    "total": 0.6083483000000047,
                                                    "count": 241,
                                                    "self": 0.6083483000000047
                                                }
                                            }
                                        }
                                    }
                                },
                                "workers": {
                                    "total": 0.0023206000000088878,
                                    "count": 252,
                                    "self": 0.0,
                                    "children": {
                                        "worker_root": {
                                            "total": 4.441128899999999,
                                            "count": 252,
                                            "is_parallel": true,
                                            "self": 2.3048904000000072,
                                            "children": {
                                                "steps_from_proto": {
                                                    "total": 0.0002830000000000332,
                                                    "count": 1,
                                                    "is_parallel": true,
                                                    "self": 0.00011870000000024916,
                                                    "children": {
                                                        "_process_rank_one_or_two_observation": {
                                                            "total": 0.00016429999999978406,
                                                            "count": 2,
                                                            "is_parallel": true,
                                                            "self": 0.00016429999999978406
                                                        }
                                                    }
                                                },
                                                "UnityEnvironment.step": {
                                                    "total": 2.1359554999999917,
                                                    "count": 252,
                                                    "is_parallel": true,
                                                    "self": 0.01910969999996137,
                                                    "children": {
                                                        "UnityEnvironment._generate_step_input": {
                                                            "total": 0.10786040000000785,
                                                            "count": 252,
                                                            "is_parallel": true,
                                                            "self": 0.10786040000000785
                                                        },
                                                        "communicator.exchange": {
                                                            "total": 1.947932800000011,
                                                            "count": 252,
                                                            "is_parallel": true,
                                                            "self": 1.947932800000011
                                                        },
                                                        "steps_from_proto": {
                                                            "total": 0.06105260000001156,
                                                            "count": 252,
                                                            "is_parallel": true,
                                                            "self": 0.028402000000006034,
                                                            "children": {
                                                                "_process_rank_one_or_two_observation": {
                                                                    "total": 0.032650600000005525,
                                                                    "count": 504,
                                                                    "is_parallel": true,
                                                                    "self": 0.032650600000005525
                                                                }
                                                            }
                                                        }
                                                    }
                                                }
                                            }
                                        }
                                    }
                                }
                            }
                        }
                    }
                },
                "trainer_threads": {
                    "total": 2.970000000068751e-05,
                    "count": 1,
                    "self": 2.970000000068751e-05,
                    "children": {
                        "thread_root": {
                            "total": 0.0,
                            "count": 0,
                            "is_parallel": true,
                            "self": 0.0,
                            "children": {
                                "trainer_advance": {
                                    "total": 3.2338926999999877,