{
    "name": "root",
    "gauges": {
        "Chaser.Policy.Entropy.mean": {
            "value": 2.647613763809204,
            "min": 2.647613763809204,
            "max": 2.6883885860443115,
            "count": 2
        },
        "Chaser.Policy.Entropy.sum": {
            "value": 132224.484375,
            "min": 132224.484375,
            "max": 135301.21875,
            "count": 2
        },
        "Chaser.Policy.ExtrinsicValueEstimate.mean": {
            "value": -10.219239234924316,
            "min": -10.219239234924316,
            "max": -4.443146705627441,
            "count": 2
        },
        "Chaser.Policy.ExtrinsicValueEstimate.sum": {
            "value": -8236.70703125,
            "min": -8236.70703125,
            "max": -3550.07421875,
            "count": 2
        },
        "Chaser.Environment.EpisodeLength.mean": {
            "value": 378.04545454545456,
            "min": 378.04545454545456,
            "max": 404.47899159663865,
            "count": 2
        },
        "Chaser.Environment.EpisodeLength.sum": {
            "value": 49902.0,
            "min": 48133.0,
            "max": 49902.0,
            "count": 2
        },
        "Chaser.Environment.CumulativeReward.mean": {
            "value": -73.33310234907901,
            "min": -91.64125603838127,
            "max": -73.33310234907901,
            "count": 2
        },
        "Chaser.Environment.CumulativeReward.sum": {
            "value": -9679.96951007843,
            "min": -10905.309468567371,
            "max": -9679.96951007843,
            "count": 2
        },
        "Chaser.Policy.ExtrinsicReward.mean": {
            "value": -73.33310234907901,
            "min": -91.64125603838127,
            "max": -73.33310234907901,
            "count": 2
        },
        "Chaser.Policy.ExtrinsicReward.sum": {
            "value": -9679.96951007843,
            "min": -10905.309468567371,
            "max": -9679.96951007843,
            "count": 2
        },
        "Chaser.Losses.PolicyLoss.mean": {
            "value": 0.023489207134892547,
            "min": 0.023489207134892547,
            "max": 0.02522143539972603,
            "count": 2
        },
        "Chaser.Losses.PolicyLoss.sum": {
            "value": 0.11744603567446273,
            "min": 0.10088574159890412,
            "max": 0.11744603567446273,
            "count": 2
        },
        "Chaser.Losses.ValueLoss.mean": {
            "value": 2.8057538437843323,
            "min": 2.8057538437843323,
            "max": 3.8143001178900398,
            "count": 2
        },
        "Chaser.Losses.ValueLoss.sum": {
            "value": 14.028769218921662,
            "min": 14.028769218921662,
            "max": 15.257200471560159,
            "count": 2
        },
        "Chaser.Policy.LearningRate.mean": {
            "value": 0.0002566968144344,
            "min": 0.0002566968144344,
            "max": 0.00028447905517364996,
            "count": 2
        },
        "Chaser.Policy.LearningRate.sum": {
            "value": 0.001283484072172,
            "min": 0.0011379162206945998,
            "max": 0.001283484072172,
            "count": 2
        },
        "Chaser.Policy.Epsilon.mean": {
            "value": 0.18556560000000002,
            "min": 0.18556560000000002,
            "max": 0.19482634999999998,
            "count": 2
        },
        "Chaser.Policy.Epsilon.sum": {
            "value": 0.9278280000000001,
            "min": 0.7793053999999999,
            "max": 0.9278280000000001,
            "count": 2
        },
        "Chaser.Policy.Beta.mean": {
            "value": 0.004279723439999999,
            "min": 0.004279723439999999,
            "max": 0.004741834865000001,
            "count": 2
        },
        "Chaser.Policy.Beta.sum": {
            "value": 0.021398617199999997,
            "min": 0.018967339460000003,
            "max": 0.021398617199999997,
            "count": 2
        },
        "Chaser.IsTraining.mean": {
            "value": 1.0,
            "min": 1.0,
            "max": 1.0,
            "count": 2
        },
        "Chaser.IsTraining.sum": {
            "value": 1.0,
            "min": 1.0,
            "max": 1.0,
            "count": 2
        }
    },
    "metadata": {
        "timer_format_version": "0.1.0",
        "start_time_seconds": "1621292720",
        "python_version": "3.9.2 (tags/v3.9.2:1a79785, Feb 19 2021, 13:44:55) [MSC v.1928 64 bit (AMD64)]",
        "command_line_arguments": "C:\\Users\\tmoos\\AppData\\Local\\Programs\\Python\\Python39\\Scripts\\mlagents-learn config/standardConfig.yaml --run-id=chaserAgent25",
        "mlagents_version": "0.25.0",
        "mlagents_envs_version": "0.25.0",
        "communication_protocol_version": "1.5.0",
        "pytorch_version": "1.7.1+cu110",
        "numpy_version": "1.20.1",
        "end_time_seconds": "1621293143"
    },
    "total": 422.9445495,
    "count": 1,
    "self": 0.006936499999994794,
    "children": {
        "run_training.setup": {
            "total": 0.13327620000000007,
            "count": 1,
            "self": 0.13327620000000007
        },
        "TrainerController.start_learning": {
            "total": 422.8043368,
            "count": 1,
            "self": 0.6940009999999575,
            "children": {
                "TrainerController._reset_env": {
                    "total": 5.4955476,
                    "count": 1,
                    "self": 5.4955476
                },
                "TrainerController.advance": {
                    "total": 416.51471130000004,
                    "count": 16315,
                    "self": 0.21653759999935573,
                    "children": {
                        "env_step": {
                            "total": 416.2981737000007,
                            "count": 16315,
                            "self": 325.97004620000234,
                            "children": {
                                "SubprocessEnvManager._take_step": {
                                    "total": 90.08928599999757,
                                    "count": 16315,
                                    "self": 1.6047774999982352,
                                    "children": {
                                        "TorchPolicy.evaluate": {
                                            "total": 88.48450849999934,
                                            "count": 16060,
                                            "self": 27.152415300000584,
                                            "children": {
                                                "TorchPolicy.sample_actions": {
                                                    "total": 61.33209319999875,
                                                    "count": 16060,
                                                    "self": 61.33209319999875
                                                }
                                            }
                                        }
                                    }
                                },
                                "workers": {
                                    "total": 0.23884150000078996,
                                    "count": 16314,
                                    "self": 0.0,
                                    "children": {
                                        "worker_root": {
                                            "total": 418.0125882000007,
                                            "count": 16314,
                                            "is_parallel": true,
                                            "self": 120.91853749999774,
                                            "children": {
                                                "steps_from_proto": {
                                                    "total": 0.0005039999999998379,
                                                    "count": 1,