{
    "name": "root",
    "metadata": {
        "timer_format_version": "0.1.0",
        "start_time_seconds": "1620503006",
        "python_version": "3.9.2 (tags/v3.9.2:1a79785, Feb 19 2021, 13:44:55) [MSC v.1928 64 bit (AMD64)]",
        "command_line_arguments": "C:\\Users\\tmoos\\AppData\\Local\\Programs\\Python\\Python39\\Scripts\\mlagents-learn --force",
        "mlagents_version": "0.25.0",
        "mlagents_envs_version": "0.25.0",
        "communication_protocol_version": "1.5.0",
        "pytorch_version": "1.7.1+cu110",
        "numpy_version": "1.20.1",
        "end_time_seconds": "1620503021"
    },
    "total": 14.7368419,
    "count": 1,
    "self": 0.0025700999999997975,
    "children": {
        "run_training.setup": {
            "total": 0.037634100000000004,
            "count": 1,
            "self": 0.037634100000000004
        },
        "TrainerController.start_learning": {
            "total": 14.6966377,
            "count": 1,
            "self": 0.035525600000008595,
            "children": {
                "TrainerController._reset_env": {
                    "total": 4.2091520000000004,
                    "count": 1,
                    "self": 4.2091520000000004
                },
                "TrainerController.advance": {
                    "total": 10.39471539999999,
                    "count": 1039,
                    "self": 0.009381899999999277,
                    "children": {
                        "env_step": {
                            "total": 10.385333499999991,
                            "count": 1039,
                            "self": 8.129764299999982,
                            "children": {
                                "SubprocessEnvManager._take_step": {
                                    "total": 2.2452689,
                                    "count": 1039,
                                    "self": 0.046809000000005874,
                                    "children": {
                                        "TorchPolicy.evaluate": {
                                            "total": 2.1984598999999942,
                                            "count": 834,
                                            "self": 0.7083257999999741,
                                            "children": {
                                                "TorchPolicy.sample_actions": {
                                                    "total": 1.4901341000000201,
                                                    "count": 834,
                                                    "self": 1.4901341000000201
                                                }
                                            }
                                        }
                                    }
                                },
                                "workers": {
                                    "total": 0.01030030000000881,
                                    "count": 1038,
                                    "self": 0.0,
                                    "children": {
                                        "worker_root": {
                                            "total": 11.586568099999967,
                                            "count": 1038,
                                            "is_parallel": true,
                                            "self": 4.652702000000019,
                                            "children": {
                                                "steps_from_proto": {
                                                    "total": 0.00038300000000024426,
                                                    "count": 1,
                                                    "is_parallel": true,
                                                    "self": 0.00023190000000017363,
                                                    "children": {
                                                        "_process_rank_one_or_two_observation": {
                                                            "total": 0.00015110000000007062,
                                                            "count": 2,
                                                            "is_parallel": true,
                                                            "self": 0.00015110000000007062
                                                        }
                                                    }
                                                },
                                                "UnityEnvironment.step": {
                                                    "total": 6.933483099999948,
                                                    "count": 1038,
                                                    "is_parallel": true,
                                                    "self": 0.08082509999995668,
                                                    "children": {
                                                        "UnityEnvironment._generate_step_input": {
                                                            "total": 0.4191665000000011,
                                                            "count": 1038,
                                                            "is_parallel": true,
                                                            "self": 0.4191665000000011
                                                        },
                                                        "communicator.exchange": {
                                                            "total": 6.091245299999987,
                                                            "count": 1038,
                                                            "is_parallel": true,
                                                            "self": 6.091245299999987
                                                        },
                                                        "steps_from_proto": {
                                                            "total": 0.3422462000000026,
                                                            "count": 1038,
                                                            "is_parallel": true,
                                                            "self": 0.2096672000000055,
                                                            "children": {
                                                                "_process_rank_one_or_two_observation": {
                                                                    "total": 0.13257899999999712,
                                                                    "count": 2076,
                                                                    "is_parallel": true,
                                                                    "self": 0.13257899999999712
                                                                }
                                                            }
                                                        }
                                                    }
                                                }
                                            }
                                        }
                                    }
                                }
                            }
                        }
                    }
                },
                "trainer_threads": {
                    "total": 3.1599999999798456e-05,
                    "count": 1,
                    "self": 3.1599999999798456e-05,
                    "children": {
                        "thread_root": {
                            "total": 0.0,
                            "count": 0,
                            "is_parallel": true,
                            "self": 0.0,
                            "children": {
                                "trainer_advance": {
                                    "total": 10.414704100000037,