{
    "name": "root",
    "metadata": {
        "timer_format_version": "0.1.0",
        "start_time_seconds": "1620304004",
        "python_version": "3.9.2 (tags/v3.9.2:1a79785, Feb 19 2021, 13:44:55) [MSC v.1928 64 bit (AMD64)]",
        "command_line_arguments": "C:\\Users\\tmoos\\AppData\\Local\\Programs\\Python\\Python39\\Scripts\\mlagents-learn --force",
        "mlagents_version": "0.25.0",
        "mlagents_envs_version": "0.25.0",
        "communication_protocol_version": "1.5.0",
        "pytorch_version": "1.7.1+cu110",
        "numpy_version": "1.20.1",
        "end_time_seconds": "1620304019"
    },
    "total": 15.391338900000001,
    "count": 1,
    "self": 0.004418700000000442,
    "children": {
        "run_training.setup": {
            "total": 0.055845900000000004,
            "count": 1,
            "self": 0.055845900000000004
        },
        "TrainerController.start_learning": {
            "total": 15.331074300000001,
            "count": 1,
            "self": 0.016664399999998025,
            "children": {
                "TrainerController._reset_env": {
                    "total": 7.238030200000001,
                    "count": 1,
                    "self": 7.238030200000001
                },
                "TrainerController.advance": {
                    "total": 7.986188900000004,
                    "count": 384,
                    "self": 0.004899699999977969,
                    "children": {
                        "env_step": {
                            "total": 7.981289200000026,
                            "count": 384,
                            "self": 6.437381500000059,
                            "children": {
                                "SubprocessEnvManager._take_step": {
                                    "total": 1.5390560999999714,
                                    "count": 384,
                                    "self": 0.035874700000000814,
                                    "children": {
                                        "TorchPolicy.evaluate": {
                                            "total": 1.5031813999999706,
                                            "count": 384,
                                            "self": 0.46663119999996283,
                                            "children": {
                                                "TorchPolicy.sample_actions": {
                                                    "total": 1.0365502000000077,
                                                    "count": 384,
                                                    "self": 1.0365502000000077
                                                }
                                            }
                                        }
                                    }
                                },
                                "workers": {
                                    "total": 0.00485159999999496,
                                    "count": 383,
                                    "self": 0.0,
                                    "children": {
                                        "worker_root": {
                                            "total": 9.844753999999996,
                                            "count": 383,
                                            "is_parallel": true,
                                            "self": 3.902667900000007,
                                            "children": {
                                                "steps_from_proto": {
                                                    "total": 0.00035279999999993095,
                                                    "count": 1,
                                                    "is_parallel": true,
                                                    "self": 0.00015829999999983357,
                                                    "children": {
                                                        "_process_rank_one_or_two_observation": {
                                                            "total": 0.00019450000000009737,
                                                            "count": 2,
                                                            "is_parallel": true,
                                                            "self": 0.00019450000000009737
                                                        }
                                                    }
                                                },
                                                "UnityEnvironment.step": {
                                                    "total": 5.9417332999999894,
                                                    "count": 383,
                                                    "is_parallel": true,
                                                    "self": 0.03309970000003126,
                                                    "children": {
                                                        "UnityEnvironment._generate_step_input": {
                                                            "total": 0.08703620000000889,
                                                            "count": 383,
                                                            "is_parallel": true,
                                                            "self": 0.08703620000000889
                                                        },
                                                        "communicator.exchange": {
                                                            "total": 5.7233030999999706,
                                                            "count": 383,
                                                            "is_parallel": true,
                                                            "self": 5.7233030999999706
                                                        },
                                                        "steps_from_proto": {
                                                            "total": 0.09829429999997874,
                                                            "count": 383,
                                                            "is_parallel": true,
                                                            "self": 0.04655389999999393,
                                                            "children": {
                                                                "_process_rank_one_or_two_observation": {
                                                                    "total": 0.05174039999998481,
                                                                    "count": 766,
                                                                    "is_parallel": true,
                                                                    "self": 0.05174039999998481
                                                                }
                                                            }
                                                        }
                                                    }
                                                }
                                            }
                                        }
                                    }
                                }
                            }
                        }
                    }
                },
                "trainer_threads": {
                    "total": 1.8199999999524152e-05,
                    "count": 1,
                    "self": 1.8199999999524152e-05,
                    "children": {
                        "thread_root": {
                            "total": 0.0,
                            "count": 0,
                            "is_parallel": true,
                            "self": 0.0,