{
    "name": "root",
    "metadata": {
        "timer_format_version": "0.1.0",
        "start_time_seconds": "1620835641",
        "python_version": "3.9.2 (tags/v3.9.2:1a79785, Feb 19 2021, 13:44:55) [MSC v.1928 64 bit (AMD64)]",
        "command_line_arguments": "C:\\Users\\tmoos\\AppData\\Local\\Programs\\Python\\Python39\\Scripts\\mlagents-learn --force",
        "mlagents_version": "0.25.0",
        "mlagents_envs_version": "0.25.0",
        "communication_protocol_version": "1.5.0",
        "pytorch_version": "1.7.1+cu110",
        "numpy_version": "1.20.1",
        "end_time_seconds": "1620835679"
    },
    "total": 38.2387838,
    "count": 1,
    "self": 0.0031581000000002746,
    "children": {
        "run_training.setup": {
            "total": 0.039430999999999994,
            "count": 1,
            "self": 0.039430999999999994
        },
        "TrainerController.start_learning": {
            "total": 38.1961947,
            "count": 1,
            "self": 0.03837209999998947,
            "children": {
                "TrainerController._reset_env": {
                    "total": 6.312273599999999,
                    "count": 1,
                    "self": 6.312273599999999
                },
                "TrainerController.advance": {
                    "total": 31.78322170000001,
                    "count": 1162,
                    "self": 0.010882000000059122,
                    "children": {
                        "env_step": {
                            "total": 31.77233969999995,
                            "count": 1162,
                            "self": 28.931256899999887,
                            "children": {
                                "SubprocessEnvManager._take_step": {
                                    "total": 2.828965500000079,
                                    "count": 1162,
                                    "self": 0.06667660000015552,
                                    "children": {
                                        "TorchPolicy.evaluate": {
                                            "total": 2.7622888999999233,
                                            "count": 1094,
                                            "self": 1.0227930999999089,
                                            "children": {
                                                "TorchPolicy.sample_actions": {
                                                    "total": 1.7394958000000145,
                                                    "count": 1094,
                                                    "self": 1.7394958000000145
                                                }
                                            }
                                        }
                                    }
                                },
                                "workers": {
                                    "total": 0.012117299999983011,
                                    "count": 1161,
                                    "self": 0.0,
                                    "children": {
                                        "worker_root": {
                                            "total": 32.97850670000003,
                                            "count": 1161,
                                            "is_parallel": true,
                                            "self": 5.359655999999887,
                                            "children": {
                                                "steps_from_proto": {
                                                    "total": 0.00034119999999937534,
                                                    "count": 1,
                                                    "is_parallel": true,
                                                    "self": 0.00019650000000037693,
                                                    "children": {
                                                        "_process_rank_one_or_two_observation": {
                                                            "total": 0.0001446999999989984,
                                                            "count": 2,
                                                            "is_parallel": true,
                                                            "self": 0.0001446999999989984
                                                        }
                                                    }
                                                },
                                                "UnityEnvironment.step": {
                                                    "total": 27.618509500000144,
                                                    "count": 1161,
                                                    "is_parallel": true,
                                                    "self": 0.07823360000019264,
                                                    "children": {
                                                        "UnityEnvironment._generate_step_input": {
                                                            "total": 0.5188409999999033,
                                                            "count": 1161,
                                                            "is_parallel": true,
                                                            "self": 0.5188409999999033
                                                        },
                                                        "communicator.exchange": {
                                                            "total": 26.672889299999966,
                                                            "count": 1161,
                                                            "is_parallel": true,
                                                            "self": 26.672889299999966
                                                        },
                                                        "steps_from_proto": {
                                                            "total": 0.34854560000008306,
                                                            "count": 1161,
                                                            "is_parallel": true,
                                                            "self": 0.2091444000001461,
                                                            "children": {
                                                                "_process_rank_one_or_two_observation": {
                                                                    "total": 0.13940119999993694,
                                                                    "count": 2322,
                                                                    "is_parallel": true,
                                                                    "self": 0.13940119999993694
                                                                }
                                                            }
                                                        }
                                                    }
                                                }
                                            }
                                        }
                                    }
                                }
                            }
                        }
                    }
                },
                "trainer_threads": {
                    "total": 2.6099999999473766e-05,
                    "count": 1,
                    "self": 2.6099999999473766e-05,
                    "children": {
                        "thread_root": {
                            "total": 0.0,
                            "count": 0,
                            "is_parallel": true,
                            "self": 0.0,
                            "children": {
                                "trainer_advance": {
                                    "total": 31.77657049999999,