{
    "name": "root",
    "metadata": {
        "timer_format_version": "0.1.0",
        "start_time_seconds": "1620061502",
        "python_version": "3.9.2 (tags/v3.9.2:1a79785, Feb 19 2021, 13:44:55) [MSC v.1928 64 bit (AMD64)]",
        "command_line_arguments": "C:\\Users\\tmoos\\AppData\\Local\\Programs\\Python\\Python39\\Scripts\\mlagents-learn --force",
        "mlagents_version": "0.25.0",
        "mlagents_envs_version": "0.25.0",
        "communication_protocol_version": "1.5.0",
        "pytorch_version": "1.7.1+cu110",
        "numpy_version": "1.20.1",
        "end_time_seconds": "1620061520"
    },
    "total": 17.922638000000003,
    "count": 1,
    "self": 0.0038332000000025346,
    "children": {
        "run_training.setup": {
            "total": 0.052580199999999966,
            "count": 1,
            "self": 0.052580199999999966
        },
        "TrainerController.start_learning": {
            "total": 17.8662246,
            "count": 1,
            "self": 0.02307900000000629,
            "children": {
                "TrainerController._reset_env": {
                    "total": 6.4077601,
                    "count": 1,
                    "self": 6.4077601
                },
                "TrainerController.advance": {
                    "total": 11.31588069999999,
                    "count": 543,
                    "self": 0.006300099999963393,
                    "children": {
                        "env_step": {
                            "total": 11.309580600000027,
                            "count": 543,
                            "self": 8.72341340000003,
                            "children": {
                                "SubprocessEnvManager._take_step": {
                                    "total": 2.5799316999999924,
                                    "count": 543,
                                    "self": 0.04405959999994913,
                                    "children": {
                                        "TorchPolicy.evaluate": {
                                            "total": 2.5358721000000433,
                                            "count": 497,
                                            "self": 0.6924661000000238,
                                            "children": {
                                                "TorchPolicy.sample_actions": {
                                                    "total": 1.8434060000000194,
                                                    "count": 497,
                                                    "self": 1.8434060000000194
                                                }
                                            }
                                        }
                                    }
                                },
                                "workers": {
                                    "total": 0.006235500000004279,
                                    "count": 542,
                                    "self": 0.0,
                                    "children": {
                                        "worker_root": {
                                            "total": 12.957887599999987,
                                            "count": 542,
                                            "is_parallel": true,
                                            "self": 4.877991899999975,
                                            "children": {
                                                "steps_from_proto": {
                                                    "total": 0.0006905999999995416,
                                                    "count": 1,
                                                    "is_parallel": true,
                                                    "self": 0.0004376999999999853,
                                                    "children": {
                                                        "_process_rank_one_or_two_observation": {
                                                            "total": 0.00025289999999955626,
                                                            "count": 2,
                                                            "is_parallel": true,
                                                            "self": 0.00025289999999955626
                                                        }
                                                    }
                                                },
                                                "UnityEnvironment.step": {
                                                    "total": 8.079205100000014,
                                                    "count": 542,
                                                    "is_parallel": true,
                                                    "self": 0.041687000000019125,
                                                    "children": {
                                                        "UnityEnvironment._generate_step_input": {
                                                            "total": 0.0965625999999924,
                                                            "count": 542,
                                                            "is_parallel": true,
                                                            "self": 0.0965625999999924
                                                        },
                                                        "communicator.exchange": {
                                                            "total": 7.7793426000000006,
                                                            "count": 542,
                                                            "is_parallel": true,
                                                            "self": 7.7793426000000006
                                                        },
                                                        "steps_from_proto": {
                                                            "total": 0.1616129000000015,
                                                            "count": 542,
                                                            "is_parallel": true,
                                                            "self": 0.0945031999999495,
                                                            "children": {
                                                                "_process_rank_one_or_two_observation": {
                                                                    "total": 0.06710970000005201,
                                                                    "count": 1084,
                                                                    "is_parallel": true,
                                                                    "self": 0.06710970000005201
                                                                }
                                                            }
                                                        }
                                                    }
                                                }
                                            }
                                        }
                                    }
                                }
                            }
                        }
                    }
                },
                "trainer_threads": {
                    "total": 2.250000000003638e-05,
                    "count": 1,
                    "self": 2.250000000003638e-05,
                    "children": {
                        "thread_root": {
                            "total": 0.0,
                            "count": 0,
                            "is_parallel": true,
                            "self": 0.0,
                            "children": {
                                "trainer_advance": {
                                    "total": 11.316970900000003,