{
    "name": "root",
    "metadata": {
        "timer_format_version": "0.1.0",
        "start_time_seconds": "1620478506",
        "python_version": "3.9.2 (tags/v3.9.2:1a79785, Feb 19 2021, 13:44:55) [MSC v.1928 64 bit (AMD64)]",
        "command_line_arguments": "C:\\Users\\tmoos\\AppData\\Local\\Programs\\Python\\Python39\\Scripts\\mlagents-learn --run-id=bearing1",
        "mlagents_version": "0.25.0",
        "mlagents_envs_version": "0.25.0",
        "communication_protocol_version": "1.5.0",
        "pytorch_version": "1.7.1+cu110",
        "numpy_version": "1.20.1",
        "end_time_seconds": "1620478555"
    },
    "total": 49.4908535,
    "count": 1,
    "self": 0.003421000000003005,
    "children": {
        "run_training.setup": {
            "total": 0.04002410000000001,
            "count": 1,
            "self": 0.04002410000000001
        },
        "TrainerController.start_learning": {
            "total": 49.4474084,
            "count": 1,
            "self": 0.09456480000017109,
            "children": {
                "TrainerController._reset_env": {
                    "total": 4.2018144,
                    "count": 1,
                    "self": 4.2018144
                },
                "TrainerController.advance": {
                    "total": 45.07960439999983,
                    "count": 4586,
                    "self": 0.04415029999977094,
                    "children": {
                        "env_step": {
                            "total": 45.03545410000006,
                            "count": 4586,
                            "self": 34.81068949999985,
                            "children": {
                                "SubprocessEnvManager._take_step": {
                                    "total": 10.17629260000008,
                                    "count": 4586,
                                    "self": 0.19628999999988572,
                                    "children": {
                                        "TorchPolicy.evaluate": {
                                            "total": 9.980002600000194,
                                            "count": 3347,
                                            "self": 3.527950400000119,
                                            "children": {
                                                "TorchPolicy.sample_actions": {
                                                    "total": 6.452052200000075,
                                                    "count": 3347,
                                                    "self": 6.452052200000075
                                                }
                                            }
                                        }
                                    }
                                },
                                "workers": {
                                    "total": 0.04847200000012197,
                                    "count": 4585,
                                    "self": 0.0,
                                    "children": {
                                        "worker_root": {
                                            "total": 46.25437899999996,
                                            "count": 4585,
                                            "is_parallel": true,
                                            "self": 17.380680600000083,
                                            "children": {
                                                "steps_from_proto": {
                                                    "total": 0.0003733999999999682,
                                                    "count": 1,
                                                    "is_parallel": true,
                                                    "self": 0.0002242000000003408,
                                                    "children": {
                                                        "_process_rank_one_or_two_observation": {
                                                            "total": 0.0001491999999996274,
                                                            "count": 2,
                                                            "is_parallel": true,
                                                            "self": 0.0001491999999996274
                                                        }
                                                    }
                                                },
                                                "UnityEnvironment.step": {
                                                    "total": 28.873324999999873,
                                                    "count": 4585,
                                                    "is_parallel": true,
                                                    "self": 0.29495440000017936,
                                                    "children": {
                                                        "UnityEnvironment._generate_step_input": {
                                                            "total": 1.5860855999999064,
                                                            "count": 4585,
                                                            "is_parallel": true,
                                                            "self": 1.5860855999999064
                                                        },
                                                        "communicator.exchange": {
                                                            "total": 25.785835499999877,
                                                            "count": 4585,
                                                            "is_parallel": true,
                                                            "self": 25.785835499999877
                                                        },
                                                        "steps_from_proto": {
                                                            "total": 1.2064494999999127,
                                                            "count": 4585,
                                                            "is_parallel": true,
                                                            "self": 0.703728899999903,
                                                            "children": {
                                                                "_process_rank_one_or_two_observation": {
                                                                    "total": 0.5027206000000097,
                                                                    "count": 9170,
                                                                    "is_parallel": true,
                                                                    "self": 0.5027206000000097
                                                                }
                                                            }
                                                        }
                                                    }
                                                }
                                            }
                                        }
                                    }
                                }
                            }
                        }
                    }
                },
                "trainer_threads": {
                    "total": 1.9399999999336615e-05,
                    "count": 1,
                    "self": 1.9399999999336615e-05,
                    "children": {
                        "thread_root": {
                            "total": 0.0,
                            "count": 0,
                            "is_parallel": true,
                            "self": 0.0,
                            "children": {
                                "trainer_advance": {
                                    "total": 45.09856559999994,