{
    "name": "root",
    "gauges": {
        "SearcherAgent.Policy.Entropy.mean": {
            "value": 6.840655326843262,
            "min": 6.840655326843262,
            "max": 6.840655326843262,
            "count": 1
        },
        "SearcherAgent.Policy.Entropy.sum": {
            "value": 73017.15625,
            "min": 73017.15625,
            "max": 73017.15625,
            "count": 1
        },
        "SearcherAgent.Policy.ExtrinsicValueEstimate.mean": {
            "value": -0.38927528262138367,
            "min": -0.38927528262138367,
            "max": -0.38927528262138367,
            "count": 1
        },
        "SearcherAgent.Policy.ExtrinsicValueEstimate.sum": {
            "value": -69.29100036621094,
            "min": -69.29100036621094,
            "max": -69.29100036621094,
            "count": 1
        },
        "SearcherAgent.Environment.EpisodeLength.mean": {
            "value": 184.07407407407408,
            "min": 184.07407407407408,
            "max": 184.07407407407408,
            "count": 1
        },
        "SearcherAgent.Environment.EpisodeLength.sum": {
            "value": 9940.0,
            "min": 9940.0,
            "max": 9940.0,
            "count": 1
        },
        "SearcherAgent.Losses.PolicyLoss.mean": {
            "value": 0.2529957004312542,
            "min": 0.2529957004312542,
            "max": 0.2529957004312542,
            "count": 1
        },
        "SearcherAgent.Losses.PolicyLoss.sum": {
            "value": 2.2769613038812877,
            "min": 2.2769613038812877,
            "max": 2.2769613038812877,
            "count": 1
        },
        "SearcherAgent.Losses.ValueLoss.mean": {
            "value": 0.21214111519230489,
            "min": 0.21214111519230489,
            "max": 0.21214111519230489,
            "count": 1
        },
        "SearcherAgent.Losses.ValueLoss.sum": {
            "value": 1.909270036730744,
            "min": 1.909270036730744,
            "max": 1.909270036730744,
            "count": 1
        },
        "SearcherAgent.Policy.LearningRate.mean": {
            "value": 0.00017375170874944443,
            "min": 0.00017375170874944443,
            "max": 0.00017375170874944443,
            "count": 1
        },
        "SearcherAgent.Policy.LearningRate.sum": {
            "value": 0.001563765378745,
            "min": 0.001563765378745,
            "max": 0.001563765378745,
            "count": 1
        },
        "SearcherAgent.Policy.Epsilon.mean": {
            "value": 0.15791722222222224,
            "min": 0.15791722222222224,
            "max": 0.15791722222222224,
            "count": 1
        },
        "SearcherAgent.Policy.Epsilon.sum": {
            "value": 1.4212550000000002,
            "min": 1.4212550000000002,
            "max": 1.4212550000000002,
            "count": 1
        },
        "SearcherAgent.Policy.Beta.mean": {
            "value": 0.00029379438888888886,
            "min": 0.00029379438888888886,
            "max": 0.00029379438888888886,
            "count": 1
        },
        "SearcherAgent.Policy.Beta.sum": {
            "value": 0.0026441495,
            "min": 0.0026441495,
            "max": 0.0026441495,
            "count": 1
        },
        "SearcherAgent.Environment.CumulativeReward.mean": {
            "value": -1.1930610973920142,
            "min": -1.1930610973920142,
            "max": -1.1930610973920142,
            "count": 1
        },
        "SearcherAgent.Environment.CumulativeReward.sum": {
            "value": -58.45999377220869,
            "min": -58.45999377220869,
            "max": -58.45999377220869,
            "count": 1
        },
        "SearcherAgent.Policy.ExtrinsicReward.mean": {
            "value": -1.1930610973920142,
            "min": -1.1930610973920142,
            "max": -1.1930610973920142,
            "count": 1
        },
        "SearcherAgent.Policy.ExtrinsicReward.sum": {
            "value": -58.45999377220869,
            "min": -58.45999377220869,
            "max": -58.45999377220869,
            "count": 1
        },
        "SearcherAgent.IsTraining.mean": {
            "value": 1.0,
            "min": 1.0,
            "max": 1.0,
            "count": 1
        },
        "SearcherAgent.IsTraining.sum": {
            "value": 1.0,
            "min": 1.0,
            "max": 1.0,
            "count": 1
        }
    },
    "metadata": {
        "timer_format_version": "0.1.0",
        "start_time_seconds": "1621418523",
        "python_version": "3.9.2 (tags/v3.9.2:1a79785, Feb 19 2021, 13:44:55) [MSC v.1928 64 bit (AMD64)]",
        "command_line_arguments": "C:\\Users\\tmoos\\AppData\\Local\\Programs\\Python\\Python39\\Scripts\\mlagents-learn config/standardConfig.yaml --run-id=searcherFixedPrevpos --resume",
        "mlagents_version": "0.25.0",
        "mlagents_envs_version": "0.25.0",
        "communication_protocol_version": "1.5.0",
        "pytorch_version": "1.7.1+cu110",
        "numpy_version": "1.20.1",
        "end_time_seconds": "1621418609"
    },
    "total": 86.2659897,
    "count": 1,
    "self": 0.007093800000006922,
    "children": {
        "run_training.setup": {
            "total": 0.1410186,
            "count": 1,
            "self": 0.1410186
        },
        "TrainerController.start_learning": {
            "total": 86.1178773,
            "count": 1,
            "self": 1.067883100000202,
            "children": {
                "TrainerController._reset_env": {
                    "total": 14.842672099999998,
                    "count": 1,
                    "self": 14.842672099999998
                },
                "TrainerController.advance": {
                    "total": 70.07861929999981,
                    "count": 1542,
                    "self": 0.026069399999840925,
                    "children": {
                        "env_step": {
                            "total": 70.05254989999997,
                            "count": 1542,
                            "self": 58.9633092,
                            "children": {
                                "SubprocessEnvManager._take_step": {
                                    "total": 11.06436799999997,
                                    "count": 1542,
                                    "self": 0.17989460000006474,
                                    "children": {
                                        "TorchPolicy.evaluate": {
                                            "total": 10.884473399999905,
                                            "count": 1494,
                                            "self": 2.8487338000002183,
                                            "children": {
                                                "TorchPolicy.sample_actions": {
                                                    "total": 8.035739599999687,
                                                    "count": 1494,
                                                    "self": 8.035739599999687
                                                }
                                            }
                                        }
                                    }
                                },
                                "workers": {
                                    "total": 0.024872700000010184,
                                    "count": 1541,
                                    "self": 0.0,
                                    "children": {
                                        "worker_root": {
                                            "total": 71.73695170000002,
                                            "count": 1541,
                                            "is_parallel": true,
                                            "self": 42.360170900000206,