{
    "name": "root",
    "gauges": {
        "CruisingAgent.Policy.Entropy.mean": {
            "value": 5.867213726043701,
            "min": 5.867213726043701,
            "max": 5.867213726043701,
            "count": 1
        },
        "CruisingAgent.Policy.Entropy.sum": {
            "value": 294440.25,
            "min": 294440.25,
            "max": 294440.25,
            "count": 1
        },
        "CruisingAgent.Policy.ExtrinsicValueEstimate.mean": {
            "value": 0.276563435792923,
            "min": 0.276563435792923,
            "max": 0.276563435792923,
            "count": 1
        },
        "CruisingAgent.Policy.ExtrinsicValueEstimate.sum": {
            "value": 217.93199157714844,
            "min": 217.93199157714844,
            "max": 217.93199157714844,
            "count": 1
        },
        "CruisingAgent.Environment.EpisodeLength.mean": {
            "value": 307.3647798742138,
            "min": 307.3647798742138,
            "max": 307.3647798742138,
            "count": 1
        },
        "CruisingAgent.Environment.EpisodeLength.sum": {
            "value": 48871.0,
            "min": 48871.0,
            "max": 48871.0,
            "count": 1
        },
        "CruisingAgent.Environment.CumulativeReward.mean": {
            "value": -2.2057557197627404,
            "min": -2.2057557197627404,
            "max": -2.2057557197627404,
            "count": 1
        },
        "CruisingAgent.Environment.CumulativeReward.sum": {
            "value": -350.71515944227576,
            "min": -350.71515944227576,
            "max": -350.71515944227576,
            "count": 1
        },
        "CruisingAgent.Policy.ExtrinsicReward.mean": {
            "value": -2.2057557197627404,
            "min": -2.2057557197627404,
            "max": -2.2057557197627404,
            "count": 1
        },
        "CruisingAgent.Policy.ExtrinsicReward.sum": {
            "value": -350.71515944227576,
            "min": -350.71515944227576,
            "max": -350.71515944227576,
            "count": 1
        },
        "CruisingAgent.Losses.PolicyLoss.mean": {
            "value": 0.02451714243312987,
            "min": 0.02451714243312987,
            "max": 0.02451714243312987,
            "count": 1
        },
        "CruisingAgent.Losses.PolicyLoss.sum": {
            "value": 0.09806856973251948,
            "min": 0.09806856973251948,
            "max": 0.09806856973251948,
            "count": 1
        },
        "CruisingAgent.Losses.ValueLoss.mean": {
            "value": 0.007244434423046186,
            "min": 0.007244434423046186,
            "max": 0.007244434423046186,
            "count": 1
        },
        "CruisingAgent.Losses.ValueLoss.sum": {
            "value": 0.028977737692184743,
            "min": 0.028977737692184743,
            "max": 0.028977737692184743,
            "count": 1
        },
        "CruisingAgent.Policy.LearningRate.mean": {
            "value": 0.0002845353051549,
            "min": 0.0002845353051549,
            "max": 0.0002845353051549,
            "count": 1
        },
        "CruisingAgent.Policy.LearningRate.sum": {
            "value": 0.0011381412206196,
            "min": 0.0011381412206196,
            "max": 0.0011381412206196,
            "count": 1
        },
        "CruisingAgent.Policy.Epsilon.mean": {
            "value": 0.19484510000000002,
            "min": 0.19484510000000002,
            "max": 0.19484510000000002,
            "count": 1
        },
        "CruisingAgent.Policy.Epsilon.sum": {
            "value": 0.7793804000000001,
            "min": 0.7793804000000001,
            "max": 0.7793804000000001,
            "count": 1
        },
        "CruisingAgent.Policy.Beta.mean": {
            "value": 0.00474277049,
            "min": 0.00474277049,
            "max": 0.00474277049,
            "count": 1
        },
        "CruisingAgent.Policy.Beta.sum": {
            "value": 0.01897108196,
            "min": 0.01897108196,
            "max": 0.01897108196,
            "count": 1
        },
        "CruisingAgent.IsTraining.mean": {
            "value": 1.0,
            "min": 1.0,
            "max": 1.0,
            "count": 1
        },
        "CruisingAgent.IsTraining.sum": {
            "value": 1.0,
            "min": 1.0,
            "max": 1.0,
            "count": 1
        }
    },
    "metadata": {
        "timer_format_version": "0.1.0",
        "start_time_seconds": "1621079234",
        "python_version": "3.9.2 (tags/v3.9.2:1a79785, Feb 19 2021, 13:44:55) [MSC v.1928 64 bit (AMD64)]",
        "command_line_arguments": "C:\\Users\\tmoos\\AppData\\Local\\Programs\\Python\\Python39\\Scripts\\mlagents-learn --run-id=cruisingagent360nodistancepenalty",
        "mlagents_version": "0.25.0",
        "mlagents_envs_version": "0.25.0",
        "communication_protocol_version": "1.5.0",
        "pytorch_version": "1.7.1+cu110",
        "numpy_version": "1.20.1",
        "end_time_seconds": "1621079402"
    },
    "total": 168.8388453,
    "count": 1,
    "self": 0.006460099999998192,
    "children": {
        "run_training.setup": {
            "total": 0.07580399999999998,
            "count": 1,
            "self": 0.07580399999999998
        },
        "TrainerController.start_learning": {
            "total": 168.7565812,
            "count": 1,
            "self": 1.237457199999966,
            "children": {
                "TrainerController._reset_env": {
                    "total": 11.1841015,
                    "count": 1,
                    "self": 11.1841015
                },
                "TrainerController.advance": {
                    "total": 155.68526320000004,
                    "count": 5813,
                    "self": 0.08552380000020321,
                    "children": {
                        "env_step": {
                            "total": 155.59973939999983,
                            "count": 5813,
                            "self": 131.1942791999997,
                            "children": {
                                "SubprocessEnvManager._take_step": {
                                    "total": 24.317961200000028,
                                    "count": 5813,
                                    "self": 0.5871316999998655,
                                    "children": {
                                        "TorchPolicy.evaluate": {
                                            "total": 23.730829500000162,
                                            "count": 5764,
                                            "self": 8.351667800000675,
                                            "children": {
                                                "TorchPolicy.sample_actions": {
                                                    "total": 15.379161699999488,
                                                    "count": 5764,
                                                    "self": 15.379161699999488
                                                }
                                            }
                                        }
                                    }
                                },
                                "workers": {
                                    "total": 0.08749900000009703,
                                    "count": 5812,
                                    "self": 0.0,
                                    "children": {
                                        "worker_root": {
                                            "total": 157.19033709999871,
                                            "count": 5812,
                                            "is_parallel": true,
                                            "self": 36.83038229999792,
                                            "children": {
                                                "steps_from_proto": {
                                                    "total": 0.0005935000000008017,